:020000040000fa
:020000041fc01b
:100000000300001000000000f0f3060000000000f4
:100010000600f00f0000000000601a40c0045a7f84
:100020000500401300000000019d1a3c40895a273a
:10003000080040030000000008801d3cf8ffbd27b9
:1000400000801c3cf07f9c27026009402058200162
:1000500007000a248449497d02608940c0000000ed
:1000600000e0dc41ffff4a25faff401500000000d8
:1000700002608b40c0000000019d083c588a0825a2
:1000800009f8000100000000009d083c046e0825ee
:1000900009f8000100000000c0bf083c70050825f9
:1000a00009f8000100000000009d083c00790825c7
:1000b00009f800010000000081bf093c00000a3c73
:1000c000200d4a25e0072aad0000093c0000292543
:1000d000010020110000000000488040ffff0a24ba
:1000e00000588a404000083c00600a4025500a0140
:1000f00000608a40009d093c00002925c0000000e6
:10010000017889400000093c0100292500000a24eb
:1001100044492a7d01608a408000093c006889408a
:10012000008008408005097d404c090000600840bf
:100130005800013c2440010100010a3c25404801cf
:1001400000240a3c254048012540280100608840e1
:1001500000010a3c00f8ca44c0000000019d083cb0
:10016000608a082509f800010000000000600840ce
:10017000bfff013cffff21342440010100608840a3
:10018000000084300000a530019d083cc88008258f
:0801900008000001000000005e
:020000040000fa
:020000041fc01b
:10038000019d1a3cf8885a2708004003000000002d
:020000040000fa
:020000041fc01b
:1004b0000080094000000a2400000b2400000d24e5
:1004c00000000e240080013c244021012500001181
:1004d00001800940000000003800013c2440210157
:1004e000c24408000f0000110000000001000825b0
:1004f0000700013c2460210102640c0001008c25ee
:100500002550800101000b2404580b0104500a01fe
:10051000c001013c24402101824508000600082555
:1005200004500a01001c2831824208000d0000110d
:10053000000000000100082580032f31c2790f0060
:100540000100ef252568e00101000e2404700e0172
:1005500004680d0100e02831424308000600082528
:1005600004680d010800e003000000000000000026
:100570000080084007000924244828010200293986
:1005800004002011000000000800e003000000004b
:10059000000000002518e003c5ff11040000000062
:1005a00000600840feff0924244828010400293582
:1005b00000608940c000000000d0804000e0804022
:1005c000c0000000009d043c000084240100801451
:1005d000009d043c0400401121288a0021208b004a
:1005e000feff8514fcff88bc0080043c00008424ce
:1005f000010080140080043c0400a01121288d001b
:1006000021208e00feff8514fcff89bc0f00000036
:100610000080013c04002aac0080013c10002dac9d
:100620000080013c08002bac0080013c14002eac83
:100630000080013c0c002cac0080013c18002fac69
:1006400000608840c0000000008009400700293594
:10065000070029390300293500808940c0000000c7
:1006600025f860000800e003000000000000000022
:020000040000fa
:020000041d00dd
:10000000009d1a3cf46a5a270800400300000000d3
:020000040000fa
:020000041d00dd
:10010000009d1a3c1c6a5a270800400300000000aa
:020000040000fa
:020000041d00dd
:10018000009d1a3c68685a270800400300000000e0
:020000040000fa
:020000041d00dd
:1002000060ffbd2700601b402c00b6af2800b5afd3
:100210009c00bbaf84821b7c84941b7c000c7b37ce
:1002200044201b7c20a81d00019d1d3c1c8abd276d
:100230000000bd8f00801a3c00005a2701001624e0
:10024000000056af0070164000609b407800bfaec3
:100250007400beae7000b9ae6c00b8ae6800afae50
:100260006400aeae6000adae5c00acae5800abaeac
:100270005400aaae5000a9ae4c00a8ae4800a7aeec
:100280004400a6ae4000a5ae3c00a4ae3800a3ae2c
:100290003400a2ae3000b7ae9800b6ae2400b4aec3
:1002a0002000b3ae1c00b2ae1800b1ae1400b0ae68
:1002b0001000a1ae10b820008000b7ae12b8200028
:1002c0007c00b7ae10b840008800b7ae12b840004e
:1002d0008400b7ae10b860009000b7ae12b86000ee
:1002e0008c00b7aeb8bcff7f9400b7ae10b800006a
:1002f0000c00b7ae12b800000800b7ae0080173c83
:100300008000f7260000f78e0000f5ae0060604127
:10031000c0000000006017408482177c8494177c22
:10032000010cf63600609640c000000000681640e0
:100330000442167c00689640c000000081bf163c55
:100340004400d626020014240000d4ae8716400fc5
:100350000000000000609740c00000000080103cda
:10036000800010260000108e0000158e8000b08ed8
:10037000110800027c00b08e130800028800b08ec5
:10038000111000028400b08e131000029000b08e95
:10039000111800028c00b08e131800029400b08e69
:1003a000f8fc1f7e0800b08e130000020c00b08e17
:1003b000110000021000a18e1400b08e1800b18e42
:1003c0001c00b28e2000b38e2400b48e2c00b68e9a
:1003d0003000b78e3400a28e3800a38e3c00a48e6d
:1003e0004000a58e4400a68e4800a78e4c00a88e23
:1003f0005000a98e5400aa8e5800ab8e5c00ac8ec3
:100400006000ad8e6400ae8e6800af8e6c00b88e5a
:100410007000b98e7400be8e7800bf8e006060419f
:10042000c000000000801a3c00005a27000040afc6
:1004300020e815002800b58f9c00bb8f9800ba8f6c
:10044000a000bd2700609b4000709a40c0000000e3
:10045000180000420000000000681a4060ffbd273d
:1004600000601b403000b7af2c00b6af2800b5af1e
:100470009c00bbaf82d21a0084825b7fc2d11a007b
:1004800084945b7f44201b7c20a81d0000801a3cc4
:1004900000005a270000568f0400c016000000001c
:1004a000019d1d3c1c8abd270000bd8f0100d62682
:1004b000000056af0070164000609b407800bfae51
:1004c0007400beae7000b9ae6c00b8ae6800afaede
:1004d0006400aeae6000adae5c00acae5800abae3a
:1004e0005400aaae5000a9ae4c00a8ae4800a7ae7a
:1004f0004400a6ae4000a5ae3c00a4ae3800a3aeba
:100500003400a2ae9800b6ae1000a1ae10b020002c
:100510008000b6ae12b020007c00b6ae10b0400035
:100520008800b6ae12b040008400b6ae10b06000d5
:100530009000b6ae12b060008c00b6aeb8b4ff7fcb
:100540009400b6ae10b000000c00b6ae12b00000c1
:100550000800b6ae0080163c0000d6260000d68efd
:10056000ffffd6260400c016000000000080163ce5
:100570004400d6260000d5aede1f400f000000006c
:100580000080163c0000d6260000d68effffd6263f
:100590000400c016000000000080163c4400d6266f
:1005a0000000d58e8000b68e1108c0027c00b68e89
:1005b0001308c0028800b68e1110c0028400b68ee7
:1005c0001310c0029000b68e1118c0028c00b68eb7
:1005d0001318c0029400b68ef8fcdf7e0800b68eb9
:1005e0001300c0020c00b68e1100c0021000a18ed4
:1005f0003000b78e2c00b68e3400a28e3800a38e49
:100600003c00a48e4000a58e4400a68e4800a78e14
:100610004c00a88e5000a98e5400aa8e5800ab8eb4
:100620005c00ac8e6000ad8e6400ae8e6800af8e54
:100630006c00b88e7000b98e7400be8e7800bf8ecc
:1006400000606041c000000000801a3c00005a2792
:1006500000005b8fffff7b2700005baf9c00ba8e22
:100660009800bb8e20e815002800b58fa000bd279c
:1006700000609a4000709b40c000000018000042db
:100680000000000000681a4060ffbd2700601b40aa
:100690003000b7af2c00b6af2800b5af9c00bbafa1
:1006a00082d21a0084825b7fc2d11a0084945b7f5d
:1006b00044201b7c20a81d0000801a3c00005a2703
:1006c0000000568f0400c01600000000019d1d3c74
:1006d0001c8abd270000bd8f0100d626000056af42
:1006e0000070164000609b407800bfae7400beae44
:1006f0007000b9ae6c00b8ae6800afae6400aeaecc
:100700006000adae5c00acae5800abae5400aaae1b
:100710005000a9ae4c00a8ae4800a7ae4400a6ae5b
:100720004000a5ae3c00a4ae3800a3ae3400a2ae9b
:100730009800b6ae1000a1ae10b020008000b6ae9a
:1007400012b020007c00b6ae10b040008800b6aefb
:1007500012b040008400b6ae10b060009000b6ae9b
:1007600012b060008c00b6aeb8b4ff7f9400b6ae95
:1007700010b000000c00b6ae12b000000800b6ae1b
:100780000080163c0000d6260000d68effffd6263d
:100790000400c016000000000080163c4400d6266d
:1007a0000000d5ae019d163c2088d62609f8c0026f
:1007b000000000000080163c0000d6260000d68e07
:1007c000ffffd6260400c016000000000080163c83
:1007d0004400d6260000d58e8000b68e1108c002d7
:1007e0007c00b68e1308c0028800b68e1110c002bd
:1007f0008400b68e1310c0029000b68e1118c0028d
:100800008c00b68e1318c0029400b68ef8fcdf7e02
:100810000800b68e1300c0020c00b68e1100c00294
:100820001000a18e3000b78e2c00b68e3400a28e40
:100830003800a38e3c00a48e4000a58e4400a68ef6
:100840004800a78e4c00a88e5000a98e5400aa8e96
:100850005800ab8e5c00ac8e6000ad8e6400ae8e36
:100860006800af8e6c00b88e7000b98e7400be8eba
:100870007800bf8e00606041c000000000801a3c1c
:1008800000005a2700005b8fffff7b2700005baf53
:100890009c00ba8e9800bb8e20e815002800b58f0a
:1008a000a000bd2700609a4000709b40c00000007f
:1008b000180000420000000000681a4060ffbd27d9
:1008c00000601b403000b7af2c00b6af2800b5afba
:1008d0009c00bbaf82d21a0084825b7fc2d11a0017
:1008e00084945b7f44201b7c20a81d0000801a3c60
:1008f00000005a270000568f0400c01600000000b8
:10090000019d1d3c1c8abd270000bd8f0100d6261d
:10091000000056af0070164000609b407800bfaeec
:100920007400beae7000b9ae6c00b8ae6800afae79
:100930006400aeae6000adae5c00acae5800abaed5
:100940005400aaae5000a9ae4c00a8ae4800a7ae15
:100950004400a6ae4000a5ae3c00a4ae3800a3ae55
:100960003400a2ae9800b6ae1000a1ae10b02000c8
:100970008000b6ae12b020007c00b6ae10b04000d1
:100980008800b6ae12b040008400b6ae10b0600071
:100990009000b6ae12b060008c00b6aeb8b4ff7f67
:1009a0009400b6ae10b000000c00b6ae12b000005d
:1009b0000800b6ae0080163c0000d6260000d68e99
:1009c000ffffd6260400c016000000000080163c81
:1009d0004400d6260000d5ae019d163c3c88d626a4
:1009e00009f8c002000000000080163c0000d62676
:1009f0000000d68effffd6260400c01600000000bf
:100a00000080163c4400d6260000d58e8000b68ead
:100a10001108c0027c00b68e1308c0028800b68e92
:100a20001110c0028400b68e1310c0029000b68e62
:100a30001118c0028c00b68e1318c0029400b68e36
:100a4000f8fcdf7e0800b68e1300c0020c00b68ee4
:100a50001100c0021000a18e3000b78e2c00b68e9f
:100a60003400a28e3800a38e3c00a48e4000a58ed8
:100a70004400a68e4800a78e4c00a88e5000a98e78
:100a80005400aa8e5800ab8e5c00ac8e6000ad8e18
:100a90006400ae8e6800af8e6c00b88e7000b98ea8
:100aa0007400be8e7800bf8e00606041c000000000
:100ab00000801a3c00005a2700005b8fffff7b2755
:100ac00000005baf9c00ba8e9800bb8e20e815003a
:100ad0002800b58fa000bd2700609a4000709b40a1
:100ae000c0000000180000420000000000681a402a
:100af00060ffbd2700601b403000b7af2c00b6afd1
:100b00002800b5af9c00bbaf82d21a0084825b7f05
:100b1000c2d11a0084945b7f44201b7c20a81d0056
:100b200000801a3c00005a270000568f0400c016af
:100b300000000000019d1d3c1c8abd270000bd8fe8
:100b40000100d626000056af0070164000609b40a2
:100b50007800bfae7400beae7000b9ae6c00b8ae27
:100b60006800afae6400aeae6000adae5c00acae8f
:100b70005800abae5400aaae5000a9ae4c00a8aecf
:100b80004800a7ae4400a6ae4000a5ae3c00a4ae0f
:100b90003800a3ae3400a2ae9800b6ae1000a1aeed
:100ba00010b020008000b6ae12b020007c00b6aebf
:100bb00010b040008800b6ae12b040008400b6ae5f
:100bc00010b060009000b6ae12b060008c00b6aeff
:100bd000b8b4ff7f9400b6ae10b000000c00b6ae03
:100be00012b000000800b6ae0080163c0000d62609
:100bf0000000d68effffd6260400c01600000000bd
:100c00000080163c4400d6260000d5ae019d163c5f
:100c10005888d62609f8c002000000000080163c63
:100c20000000d6260000d68effffd6260400c01690
:100c3000000000000080163c4400d6260000d58e3f
:100c40008000b68e1108c0027c00b68e1308c00268
:100c50008800b68e1110c0028400b68e1310c00238
:100c60009000b68e1118c0028c00b68e1318c00208
:100c70009400b68ef8fcdf7e0800b68e1300c0022a
:100c80000c00b68e1100c0021000a18e3000b78e8d
:100c90002c00b68e3400a28e3800a38e3c00a48ea9
:100ca0004000a58e4400a68e4800a78e4c00a88e5a
:100cb0005000a98e5400aa8e5800ab8e5c00ac8efa
:100cc0006000ad8e6400ae8e6800af8e6c00b88e92
:100cd0007000b98e7400be8e7800bf8e00606041d7
:100ce000c000000000801a3c00005a2700005b8f03
:100cf000ffff7b2700005baf9c00ba8e9800bb8e85
:100d000020e815002800b58fa000bd2700609a409c
:100d100000709b40c000000018000042000000006e
:100d20000000023c00004224070040100000023c8a
:100d30000000422405004050019d023c3f0000702d
:100d40000800e00300000000019d023cf081422405
:100d5000030040100000000009f8400000000000ff
:080d60000800e00300000000a0
:020000040000fa
:020000041fc01b
:10067000000000d01f00c0001f00c400000000d216
:100680001f00c8001f00cc00000000f01700c000d1
:100690001700c400000000f21700c8001700cc00cb
:1006a000000000c01f0080001f008400000000c286
:1006b0001f0088001f008c00000000e01700800071
:1006c00017008400000000e21700880017008c006b
:020000040000fa
:020000041fc01b
:1004800000f89b40c0000000019d1b3cf0817b27d1
:10049000020060130000000000c09b4000f81b40f9
:0c04a000c00000001f000042000000002f
:020000040000fa
:020000041fc01b
:04ffc000ffffffff41
:020000040000fa
:020000041fc01b
:04ffc40098b1f9fff8
:020000040000fa
:020000041fc01b
:04ffc80039ff745f2a
:020000040000fa
:020000041fc01b
:04ffcc00dbf7ffff61
:020000040000fa
:020000041fc01b
:04ffdc00ffffffff25
:020000040000fa
:020000041fc01b
:04fff000ffff00000f
:020000040000fa
:020000041d00dd
:100d680068ffbd27a400a7af0000c0d41000a28c64
:100d78007800beaf1800a0f7000080441800a1d783
:100d88000000e0446400b3af3c0820466000b2af06
:100d98005c00b1af5800b0af7c00bfaf7400b7af14
:100da8007000b6af6c00b5af6800b4af8800b6f796
:100db8008000b4f79800a4af2588a0000000b28c8a
:100dc8000400be8c0800b38c4000a2af08000145a7
:100dd8000c00b08c04004232390040140800543230
:100de8000f00801225b060020a00001020000224c3
:100df8001800a28f1c00a38f2000a2af0080023c25
:100e0800261043002400a2af2000a1d72d00022401
:100e18001800a1f7000002a2ffff762601001424a3
:100e28001c00a28f1800a48f2118140200f0427c25
:100e3800270080142800a3aff07f033c250043144b
:100e4800f07f053ca400a28fbfff51241a00312e69
:100e58001d002012019d053c019d053c0c8aa5241e
:100e68008621400f2800a48f3c21400f2520000236
:100e78009800a48f1000b2af253860022528000220
:100e8800e818400f253040007c00bf8f7800be8fe7
:100e98007400b78f7000b68f6c00b58f6800b48f80
:100ea8006400b38f6000b28f5c00b18f5800b08fc0
:100eb8008800b6d78000b4d70800e0039800bd27a3
:100ec800d4ff00102b000224e5ff0010108aa5248f
:100ed800f07f053c0100a3242b1843000500605057
:100ee800a400a28f0c0045141800a1d70a00801096
:100ef800a400a28fbfff51241a00312e04002052f3
:100f0800019d053c019d053cd5ff0010148aa524d0
:100f1800d3ff0010188aa524019d053c019d023cc1
:100f2800320920462c00a2afc087b4d41f00044564
:100f380025a80000a400a48f2422400f2000a5affc
:100f48002014027c2000a58f3401c0076700042408
:100f58002900441425b840000100c05301001e2494
:100f6800fcffa42a030080142a20be022501801455
:100f7800000000002a00001065001724060520461e
:100f88000100b52602a022461800a1d73c0a204637
:100f9800faff08452c00a38f019d043c2510000092
:100fa800d08780d40f000010c88762d4f5ff0010e6
:100fb800c88742d4d4fea42a0800805003a522463c
:100fc800050040141800a1d702a5204601000224fc
:100fd800420820461800a1f703a52246ffffb526c0
:100fe8001800a1d73c0b3446f2ff0d45a400a48f8e
:100ff800d1ff001000000000660004240800e41679
:101008000100de270300a10667000424c087b4d4ca
:1010180025a80000020044106600172421f0d5031b
:101028001800a0d786a52046252800002000a0f794
:101038002000a0d74c00a5af4800a2af0c1c400f61
:10104800030336462000a28f0080073c4d0020464f
:101058003000a2af2400a28f4400a1e786b3204647
:101068002610e2003400a2af3000a1d706032046c4
:10107800bc06400f1000a1f700006d440080073c3b
:101088002610ed002400a2af2c00a28f4c00a58fe3
:1010980000000c44c88740d40100a5242000acaf50
:1010a80083b52046e2ffc5174800a28f019d043c86
:1010b800d8878ed42000a0d782b32e463c042e4673
:1010c8005e00114532052e46050014454400a38fe5
:1010d800000080440000e04401006430920324468c
:1010e8002c00a38f1800a0d7c88776d400002e46fe
:1010f80082a53646000004443eb6204652001845f4
:1011080000006544660007245000e7160100b52674
:101118000100de272548a00223183e011800a3afce
:1011280025f0800225600000257800001800a38fb4
:10113800060069102568c00310002a8efbff4a25a7
:101148002b50ca0346004055000084440600e015b1
:10115800100042320400401021680d022e000224c3
:101168000100de270000a2a121201e026500022442
:101178002200e216000080a00300a1062528000036
:1011880023a81500010005244000a28ffeffcc26ed
:101198000a000b24ffff422421480202000020a17c
:1011a800020009248600a016213089018400201d30
:1011b8002b0003242d0009240b1825012528600085
:1011c80021180202ffff65a0a400a38ffeff42249e
:1011d80021280202bfff71241a00312e4500032482
:1011e8000bb871002a38c2030000b7a00300e01052
:1011f800feffd6248621400f000000000300423283
:101208000200032418ff43140000000016ffc01a50
:10121800000000003c21400f252000022a1854003d
:10122800710060102530c0022800a48f5e21400f95
:10123800300005240cff0010259800000070804441
:10124800a7ff00100070e04486a520466500e93a33
:101258002518a0020a180900afff001025486000f1
:101268005000a2af0000e5444c00acaf0303364683
:101278004800afaf4400a9af3000adaf2000a4af25
:101288000c1c400f2400a5af4d00204600080a445e
:1012980009000e240a0058290a50d80110004e32bd
:1012a8002570ca012000a48f2400a58f3000ad8fbf
:1012b8004400a98f4800af8f4c00ac8f0b00c015bd
:1012c8005000a28f67000e2408004e140000000092
:1012d8001d00200501008e252568c00321c01e02bf
:1012e800257080010f00001030001924fbffe05525
:1012f8002568c003f9ff23052568c00321680d028e
:101308002e000e240100de27ffffd6260000aea126
:10131800f1ff001001000f24000019a3ffffce25e4
:1013280001001827fcffc015ffffc62621680d0223
:101338000100c7272168ac0130004a2523b0cc0042
:1013480021f0ec000000aaa100800a3c4c00a2afea
:10135800261045013800a4af3c00a2af3800a1d741
:1013680086b32046060320461000a1f74800aeaf1a
:101378004400afaf3000a9af2000a4afbc06400fb7
:101388002400a5af2c00a28f00000c4400006d447f
:101398003000a98fc88740d44800ae8f00800a3c2f
:1013a8002520800126284d0183b52046ffff2925e9
:1013b8002560c0014c00a28f5cff00104400af8f75
:1013c8001a00ab02f4016001ffff4224213002023f
:1013d800ffff29251050000030004a250000caa050
:1013e80070ff001012a8000021180202000064809b
:1013f8002118c20221180302000064a087ff001010
:10140800ffff422403ffa10667000424fafe001030
:1014180066001724d2fe001006001e24d0fe4410d9
:0c14280006001e24f4fe001025b8400051
:020000040000fa
:020000041d00dd
:10143400e8ffbd270000bfaf0400b0af0800b1afa4
:101444000c00b2af1000b3af1400b4afa206400f4b
:1014540025a08000000000008806400f2580400081
:10146400000000005706400f2588400000000000df
:101474004606400f259040000000000025984000db
:101484000060084025480001feff012424400101ba
:101494000400083500608840c000000000d080408f
:1014a40000e08040c00000000000043c00008424f0
:1014b40001008014009d043c0400001221289000c7
:1014c40021209200feff8514fcff88bc0000043c30
:1014d40000008424010080140080043c04002012d5
:1014e4002128910021209300feff8514fcff89bc74
:1014f4000f00000000800840070008350700083985
:10150400254014010080884000608940c00000002c
:101514000000bf8f0400b08f0800b18f0c00b28fa1
:101524001000b38f1400b48f0800e0031800bd2727
:1015340000000000f8ffbd270000bfaf5905400fb1
:10154400000000008505400f0000000000000000be
:101554000000bf8f0800e0030800bd270000000062
:10156400f8ffbd270000bfaf4606400f0000000093
:1015740000000000255840000b006011000000002e
:101584000900a01821488500ffff6a252750400163
:1015940024408a00ffff292524482a01000015bda4
:1015a400feff091521400b010000bf8f0800e00376
:1015b4000800bd2700000000f8ffbd270000bfaff2
:1015c4004606400f000000000000000025584000bf
:1015d4000b006011000000000900a01821488500dc
:1015e400ffff6a252750400124408a00ffff292578
:1015f40024482a01000011bdfeff091521400b01fa
:101604000000bf8f0800e0030800bd2700000000b1
:10161400f8ffbd270000bfaf5706400f00000000d1
:1016240000000000255840000b006011000000007d
:101634000900a01821488500ffff6a2527504001b2
:1016440024408a00ffff292524482a01000010bdf8
:10165400feff091521400b010000bf8f0800e003c5
:101664000800bd2700000000f8ffbd270000bfaf41
:10167400a605400f00000000cb05400f000000004d
:10168400000000000000bf8f0800e0030800bd2731
:1016940000000000f0ffbd270000b0af0400b1afb0
:1016a4000800bfaf8806400f0000000000000000e3
:1016b4002580400016000012000000004606400f7e
:1016c40000000000000000002588400010002012e7
:1016d400000000000000043c000084240200801488
:1016e400000000000080043c0900001a214890001a
:1016f400ffff2a262750400124408a00ffff2925a6
:1017040024482a01000001bdfeff091521401101f2
:101714000000b08f0400b18f0800bf8f0800e00301
:101724001000bd2700000000f0ffbd270000b0af8f
:101734000400b1af0800bfafa206400f00000000d4
:101744000000000025804000160000120000000088
:101754005706400f000000000000000025884000ec
:1017640010002012000000000000043c000084244b
:101774000200801400000000009d043c0900001acf
:1017840021489000ffff2a262750400124408a0068
:10179400ffff292524482a01000000bdfeff09158a
:1017a400214011010000b08f0400b18f0800bf8fe9
:1017b4000800e0031000bd2700000000f8ffbd276b
:1017c4000000bfaf4606400f00000000000000000c
:1017d400255840000b006011000000000900a0180b
:1017e40021488500ffff6a252750400124408a00d4
:1017f400ffff292524482a0100001dbdfeff09150d
:1018040021400b010000bf8f0800e0030800bd2742
:1018140000000000f8ffbd270000bfaf5706400fcf
:101824000000000000000000255840000b0060117b
:10183400000000000900a01821488500ffff6a2568
:101844002750400124408a00ffff292524482a010b
:1018540000001cbdfeff091521400b010000bf8fd5
:101864000800e0030800bd27000000000c00a018d9
:10187400214885003b08067c0900c010ffff29258c
:10188400ffffca242750400124408a0024482a012b
:1018940000001f05feff0915214006010f0000008e
:1018a4000804e00300000000008009400080013cbf
:1018b40024402101060000110000000001800940bd
:1018c40080032f31c2790f000100ef252510e001bc
:1018d4000800e00300000000000000000080094050
:1018e4000080013c24402101070000110000000099
:1018f400018009400700013c2460210102640c00be
:1019040001008c25251080010800e0030000000080
:1019140000000000008009400080013c24402101b7
:101924000a0000110000000001800940001c283159
:101934000600001100000000824208000100082592
:1019440001000e2404700e012510c0010800e003fc
:101954000000000000000000008009400080013cfd
:10196400244021010b000011000000000180094007
:101974003800013c24402101060000110000000051
:10198400c24408000100082501000b2404580b017f
:10199400251060010800e0030000000000000000c2
:1019a400008009400080013c24402101080000110e
:1019b400000000000180094000e028314243080093
:1019c4000600082501000f2404780f012510e0010a
:1019d4000800e0030000000000000000008009404f
:1019e4000080013c24402101090000110000000096
:1019f40001800940c001013c2440210182450800c6
:101a04000600082501000c2404600c012510800147
:101a14000800e0030000000000000000f0ffbd2704
:101a24000000b0af0400b1af0800b2af0c00bfaf0c
:101a34004606400f00000000000000002b06400f87
:101a440025804000000000006906400f2588400002
:101a5400000000002590400019001102124000000f
:101a640019004802121000000000b08f0400b18f6a
:101a74000800b28f0c00bf8f0800e0031000bd27e0
:101a840000000000f0ffbd270000b0af0400b1afbc
:101a94000800b2af0c00bfaf5706400f00000000b3
:101aa400000000003806400f2580400000000000c0
:101ab4007806400f25884000000000002590400073
:101ac400190011021240000019004802121000000f
:101ad4000000b08f0400b18f0800b28f0c00bf8fdc
:0c1ae4000800e0031000bd270000000017
:020000040000fa
:020000041d00dd
:101af00068ffbd2700600644006067443000a427eb
:101b00009800acf78400bfaf6000b0af8800b4f7b6
:101b1000a000aef7a800b4d78000beaf7c00b7af7e
:101b20007800b6af7400b5af7000b4af6c00b3af5f
:101b30006800b2aff61c400f6400b1afa000aed792
:101b40002000a42700700644f61c400f0070674474
:101b500000a0064400a06744f61c400f1000a42714
:101b60003800b08fa000aed7cb03022a050040108a
:101b70009800acd72800a68fcb03c22803004014de
:101b80001800a28f0600001021658e4ecb0343285b
:101b900011006014cb0303240100435421658e4ed1
:101ba0008400bf8f06a020468000be8f7c00b78fc8
:101bb0007800b68f7400b58f7000b48f6c00b38f4f
:101bc0006800b28f6400b18f6000b08f8800b4d716
:101bd0000800e0039800bd273000a88f2000aa8fde
:101be0002400a48f3400ac8f19000a012180060262
:101bf00023905000127000004000aeaf4000b78f3d
:101c0000107800004400afaf4400a38f1900040116
:101c1000124000001048000019008a011250000014
:101c200021b00a012b28c8021058000021502b01b6
:101c30002128aa00190084012158c3022b20630126
:101c400012600000212885012120a40010680000f6
:101c50002b50ac0021504d012b18850025888000a9
:101c6000a500401a21506a004000432a1000a98fa5
:101c70006d0060101400a88f252020012528000188
:101c8000253040025400aaaf5000abafa000aef721
:101c90009800acf74c00a9afea20400f4800a8af6d
:101ca0004c00a98f4800a88f400006242520200161
:101cb000252800012330d20025984000db20400f6a
:101cc0004000a3af4000a78f9800acd7a000aed7cc
:101cd0005000ab8f5400aa8f25484000254060007b
:101ce0002c00a28f3c00b28f269042021c00a28fd3
:101cf000ac00521421f077022b18d30321b0eb0073
:101d000021b076002b10c702070040140100052403
:101d10000500f654252800002b98d3030300601615
:101d200021a031012528000021a031012b108902ba
:101d300021180a0121a0b400211843002b28850294
:101d400021a8a30025208002081f400f2528a002fb
:101d5000ffff5124400006242330d1002520c0037a
:101d6000db20400f2528c0022530200225208002dc
:101d70002528a00225b84000ea20400f25986000e1
:101d8000253020022520c0032528c00225b8e20204
:101d9000ea20400f25986302251043002b10020013
:101da000400010262510e2022520400006004012c7
:101db00025286002233002002b1806002338130068
:101dc0002520c0002328e3000000844423301102b2
:101dd0000000e544c4fbc328ce0060102103a046e8
:101de000c3fb0324cf00c354802d1300ac0040126a
:101df000019d033ce88762d432102c46ab000045bd
:101e0000401d0200019d023cf08740d4019d023c30
:101e1000f88754d40263204620632046216300469d
:101e20005fff001002653446c0ff5226c0ff5024f9
:101e300025980000aaff4012253800004000422ae1
:101e4000500040105800aaaf4000a48f4000152455
:101e500023a8b202252860012530a0025400a7afb4
:101e60005000a8af4c00a9afa000aef79800acf7a7
:101e7000ea20400f4800abaf4800ab8f4000a48f72
:101e80002530400225286001db20400f25b84300a3
:101e90005800aa8f252020022530a00225284001c5
:101ea0002bb8170025b0600025b8e202ea20400fe9
:101eb0004800aaaf4800aa8f2558c3022520200257
:101ec00025284001253040024000abafdb20400f09
:101ed00025b8e20225884000255060004000ab8f05
:101ee0009800acd7a000aed74c00a98f5000a88fa7
:101ef0007bff00105400a78f2390020205004016bc
:101f00001000b38f1400a78f2548000074ff001045
:101f1000254000004000422a1f0040101000b48fee
:101f20001400b58f400006242330d2002520800203
:101f30002528a0024800aaaf4000abafa000aef732
:101f4000ea20400f9800acf72510430025304002ee
:101f5000252080022528a002db20400f2b980200bc
:101f600025986202253860002548000025400000c1
:101f70009800acd7a000aed74000ab8f58ff001040
:101f80004800aa8f0100172425580000258800006a
:101f900053ff00102550000001001324daff001049
:101fa0002538000023f0f3022b18fe0223b067014e
:101fb00023b0c3022b107601010005240600401453
:101fc000253000000400cb562528000003006014d3
:101fd0002360290225280000236029022ba82c0257
:101fe000231848012318750023a085012b60940154
:101ff0002318660023a86c001200a10623203101db
:1020000023f077022b987e0223b0eb0023b0d3029b
:102010002b10240123180a0125a0d60321a885002e
:10202000231862002ba014002b20a40221186600a4
:1020300023a0b402211883002ba8b40223a87500a2
:102040000100522e251095023eff40142510d603a4
:10205000d3fe405021658e4e2520c003081f400f3f
:102060002528c002ffff512407002106c01f1600cb
:1020700042101e00251062000100de3325105e00b4
:1020800049ff001042981600253020022520c00389
:10209000ea20400f2528c00243ff00102598600069
:1020a000019d033c54ff0010e08762d419006010ca
:1020b000c01f1300422002002520640001004230ae
:1020c00042981300254082000040023c0600401266
:1020d00025485300231008002b1802002320090074
:1020e000254040002348830000008844019d023cb5
:1020f0000000e944f8874cd42100a04600002046a7
:102100000100224602032c468100204602632c4631
:102110002163024c191d400f00000000a0fe0010ba
:102120000605204680250200821202002b200400b2
:102130002510a20025108200823d02000448137c75
:102140002528f3000600401280220200231004001c
:102150002b18020023380500252040002328e30027
:10216000000084440000e544eaff00102103a0467b
:020000040000fa
:020000041d00dd
:102170002518e0000400c78c0000c68c70ffbd2746
:102180008000baf70000864400d080440000e74495
:1021900000d0e0441000a28c3c003a464c00b3afa3
:1021a0004800b2af4400b1af4000b0af6400bfaf71
:1021b0006000beaf5c00b7af5800b6af5400b5af1b
:1021c0005000b4af7800b8f77000b6f76800b4f705
:1021d0009000a4af0000b28c0400b18c0800b38c56
:1021e0002000a2af080001450c00b08c0400423270
:1021f00037004014080057320d00e01225f060024d
:1022000008000010200002240080023c2610470035
:102210001c00a2af1800a6af1800a68f1c00a78f45
:102220002d000224000002a2ffff7e2601001724d9
:10223000bfff65242548c00000f0e27c2800c014e0
:102240001a00a52cf07f033c26004314f07f0a3cc3
:10225000212017022000a010019d113c019d053c8a
:10226000fc89a5248621400f00000000008a242656
:102270003c21400f000000009000a48f1000b2af7e
:102280002538600225280002e818400f253040005c
:102290006400bf8f6000be8f5c00b78f5800b68fa0
:1022a0005400b58f5000b48f4c00b38f4800b28fec
:1022b0004400b18f4000b08f8000bad77800b8d703
:1022c0007000b6d76800b4d70800e0039000bd27bf
:1022d000d4ff00102b000224e2ff0010008a252604
:1022e000f07f0a3c010043252b18430005006010d5
:1022f000212017020d004a54000086440b00205193
:10230000000086440700a010019d113c019d053c82
:10231000048aa5248621400f00000000d4ff00108d
:10232000088a2426fbff0010088a25263000022494
:102330000000e744000082a032013a46580003241e
:1023400078000224019d093c0b10650025a80000bf
:10235000a9000445f08534d500c086440000342a25
:10236000180009240a48340286a5204600c0e74424
:10237000010082a0010034252510000003c3364669
:102380003000a5af2400a2af1800a6af1c00a7af75
:102390000c1c400f019d163c820036462400a28f83
:1023a0002800b6af1800a68f010042241c00a78f9a
:1023b0003000a58f01c622460886c2d60400210639
:1023c00082b5224632c53a4603001545019d043cbc
:1023d000eaff8216019d043c108682d482b0224618
:1023e0003cc62246a000194532c7224608001e45b9
:1023f000000086440d002046000004440000804494
:10240000010084300000e04492002446000086442d
:102410000200f7260000e744000022461800a0f75b
:102420001c00a38f1800a48f0400801400f0667ca9
:10243000f07f043c87ffc410212017022310020004
:10244000feffc6272400a2af25f0e0022510000001
:1024500025a0000025b000002000a38ffbff64240e
:102460002b20c4031c0080102538c0031800a0d7ff
:102470003c00a5af3800a6af030334462c00a2af42
:102480000c1c400f3000a7af4d002046000804444c
:102490003000a78f2c00a28f3800a68f7500801403
:1024a0003c00a58f7c00c0522ba0140001004224e8
:1024b000020034461800a1d72800a38fffffd626bc
:1024c000010820461800a0f7088660d42400a38fd6
:1024d000e1ff761402a520461400801621201e027a
:1024e000a600405010004232a300201a01004732db
:1024f000a100e0142e000724000087a021385e0010
:102500002138070230000924010089a00100842439
:10251000feff8754010089a021f05e002710020011
:102520000100de272130460021201e02000080a08d
:102530000300a1062510000023a8150001000224b5
:102540002000a38fffffc62401000b24ffff71248e
:10255000213811020000e0a00a000a24010007242b
:102560007400a01621a0c7007200eb102b000324fa
:102570002d0006240b18c20025106000211811023e
:10258000ffff62a0feff31265000072470000224e6
:102590000a384500212811022a88d103030020129d
:1025a0000000a7a08621400f000000000300423277
:1025b000020003240c004314feff91262cff201a76
:1025c000252000023c21400f252000022a18570038
:1025d0006200601025302002300005245e21400f8b
:1025e000212017022598000021ff0010252000025d
:1025f000060520460100b52600a0344600088644a2
:102600000008e7443c0a2046f9ff0845019d093cc3
:10261000f88520d5019d093c008622d5060120467b
:10262000000886440008e7443c0c34464bff124542
:1026300000c0864482a1204632333a4608000e4547
:1026400002a524460008864402a522460008e74465
:1026500042082246000806440008674402a52446b2
:10266000efff0010ffffb5260010804467ff001049
:102670000010e044090080162558c0030700c0126e
:102680002e000924213807020100de27ffffc6249f
:102690000000e9a0010014242558c00321601e0297
:1026a000253840000300001030000d24ffffe72410
:1026b00001008c25fdffe05400008da121584b0046
:1026c000ffffc6240100de270a0087282330c2004e
:1026d00021f0c20321580b020200e01057008224af
:1026e000300082241100a050000062a12000473475
:1026f0009fffe7241a00e72c0c00e050000062a1c5
:10270000252040003c00a5af3800abaf2c00a6afa1
:102710002b22400f3000a0f73c00a58f3800ab8f74
:102720002c00a68f3000a0d7000062a160ff00102f
:10273000251000001a00aa02f4014001ffff312613
:1027400021601102ffffe724104800003000292516
:10275000000089a182ff001012a8000021180202c7
:10276000000064802118820221180302feff64a089
:1027700096ff0010ffff4224100042326bff4050d2
:1027800021201e022e0002240100de2766ff001019
:04279000000082a023
:020000040000fa
:020000041d00dd
:1027940018ffbd27dc00b4afd800b3afd400b2af8c
:1027a400d000b1afe400bfafe000b5afcc00b0af34
:1027b400259080002588c000b800a5af25980000aa
:1027c400019d143cb800a58f0000a280e4004010d5
:1027d400ffff02249c00a2af1800a227a400a2af0e
:1027e400800002249800a0afa000a0afa800a2af70
:1027f40025800000250003242110b0000000428041
:102804000300401000000000fbff435401001026a9
:1028140006000012253000026c1f400f25204002e4
:10282400b800a28f21105000b800a2afb800b58f35
:10283400250002240000a382c20062140100b52610
:10284400b800b5af2b0005242d0006243000032466
:102854002000072423000824b800a48f00008280ed
:102864001b0045509800a28f2c0049281e002011ff
:1028740000000000180047509800a28f180048502c
:102884009800a28f2a0003241e0043500000228ec9
:102894005d1e400f00000000a000a2afb800a38f8f
:1028a40000006280d0ff42240a00422c2100401024
:1028b40001006324f9ff0010b800a3af0100423403
:1028c400010084249800a2afe3ff0010b800a4af75
:1028d400fbff001004004234f9ff001008004234ea
:1028e400f7ff001010004234f4ff46509800a28f06
:1028f400e5ff43542a0003249800a28ff0ff001040
:102904000200423401008424b800a4af040043242c
:102914000000428c000023ae06004104a000a2afd8
:102924009800a38f23100200a000a2af0100633817
:102934009800a3af9800a28f0100433002006010fa
:102944004408027c9800a2afb800a28f2e00032492
:10295400000044800d008314010044249c00a0afb7
:10296400b800a4af010045802a0003242300a31467
:1029740002004224b800a2af0000228e04004324c7
:102984000000428c000023ae9c00a2afc81f400f81
:10299400b800a427c000a2afb800a28f2422400f21
:1029a400000044806900032477004310c000a58f11
:1029b4006a0043282f00601063000324be00431004
:1029c400640043281800601025000324cb00431042
:1029d400610003244f00435025302002ffff0224ee
:1029e400b800b5af9800a0afa000a0af9c00a2af04
:1029f4001000a0afc9000010253800005d1e400f74
:102a0400000000009c00a2afb800a38f0000628009
:102a1400d0ff42240a00422cdcff40100100632452
:102a2400f9ff0010b800a3af64000324560043105c
:102a340068004228eaff4010ffff022425302002ec
:102a44005920400fb000a42797004010b800a28f6f
:102a5400b000a6279800a52701004324b800a3af1f
:102a6400000047805a03400f252040023500001023
:102a740021800202700003246e0043107100432879
:102a8400130060106e000324830043106f000324be
:102a9400d3ff4314ffff0224253820022530000011
:102aa4008e13400fb000a4277f004010b800a28fff
:102ab400b000a6279800a527010042242520400243
:102ac400a419400fb800a2af1e000010218002021a
:102ad400750003243a004310780003244600431091
:102ae40073000324bdff4314800002246e00a2146b
:102af400b800a28f2538000001004224b800a2af1c
:102b04000000228e04004324000023ae760000104f
:102b14000000468c5920400fb000a42762004010ea
:102b2400b800a28fb000a6279800a527010043246f
:102b3400b800a3af000047805c08400f2520400286
:102b440021800202218070022a9813027700601209
:102b54000080023c4f0003240c7643acffff132497
:102b6400e400bf8f25106002e000b58fdc00b48f55
:102b7400d800b38fd400b28fd000b18fcc00b08f07
:102b84000800e003e800bd272538200201000624e0
:102b94008e13400fb000a42743004010b800a28f4a
:102ba400b000a6279800a527010042242520400252
:102bb400a214400fb800a2afe2ff0010218002026d
:102bc40025382002253000008e13400fb000a427c2
:102bd40035004010b800a28fb000a6279800a527a2
:102be4000100422425204002b01b400fb800a2afd0
:102bf400d4ff001021800202253820022530000075
:102c04008e13400fb000a42727004010b800a28ff5
:102c140001004324b800a3af00004780b000a627fa
:102c24009800a527ba10400f25204002c5ff0010c8
:102c3400218002022538200225300000f0000524fe
:102c44008e13400fb000a42717004010b800a28fc5
:102c5400b400a38f01004224b800a2afb000a28f39
:102c640025104300edff4014780007243c21400f59
:102c74003c8a84269800a38fa000a78f25304000ab
:102c84001000a3af3c8a8526e818400f2520400297
:102c9400acff00102180020225382002213070028e
:102ca400e119400fb000a427b800a28f010042240c
:102cb400a4ff0010b800a2af80000224faffa214ff
:102cc400b800a28f01000724b000a6270100422407
:102cd400b800a2af0000228e040043240000428cfe
:102ce400000023aeb000a2a39800a527641c400fe7
:102cf4002520400293ff001021800202800002245c
:102d0400e9ffa214b800a28fa000a78f01004224fb
:102d1400b800a2af9800a28f1000a2af019d053c9d
:102d240001000624d8ff0010448aa524a5fe001043
:042d340025980002dc
:020000040000fa
:020000041d00dd
:102d3800dc87008080000000000000007c8a0080a2
:102d48003000000000000000488a008034000000c5
:102d5800000000000c6e0080000800000000000069
:102d6800e08800806000000000000000107e008005
:102d7800000400000000000040890080600000009e
:102d880000000000280000801c0000000000000077
:102d9800ac000080606d000000000000107600802c
:102da800000800000000000044000080040000004b
:102db8000000000000000080040000000100000086
:102dc800010000004800008004000000000000002e
:102dd800a8000080040000000100000006000000b8
:102de8004c0000802800000000000000ac8a008031
:102df80014000000000000007400008004000000bf
:102e080000000000c08a00802800000000000000c8
:102e1800780000800800000000000000e88a0080b8
:102e28002800000000000000508700808c0000008f
:102e38000000000080000080040000000000000086
:102e4800008a008048000000000000001086008012
:102e58004001000000000000840000801400000011
:102e680000000000108b0080280000000000000017
:102e78006088008080000000000000001082008050
:102e88000004000000000000a0890080600000002d
:102e98000000000098000080100000000000000002
:102ea800400581bfb001000001000000200d0000b6
:102eb80000020000200d0000200d00005804000052
:102ec800200d0000200d0000200d0000200d000046
:102ed800200d0000200d0000200d0000200d000036
:102ee800200d0000200d0000200d0000200d000026
:102ef800200d0000200d0000200d0000200d000016
:102f0800200d0000200d0000200d0000200d000005
:102f1800200d0000200d0000200d0000200d0000f5
:102f2800200d0000200d0000200d0000200d0000e5
:102f3800200d0000200d0000200d0000200d0000d5
:102f4800200d0000200d0000200d0000200d0000c5
:102f5800200d0000200d0000200d0000200d0000b5
:102f6800200d0000200d0000200d0000200d0000a5
:102f7800200d0000200d0000200d0000200d000095
:102f8800200d0000200d0000200d0000200d000085
:102f9800200d0000200d0000200d0000200d000075
:102fa800200d0000200d0000200d0000200d000065
:102fb800200d0000200d0000200d0000200d000055
:102fc800200d0000200d0000200d0000200d000045
:102fd800200d0000200d0000200d0000200d000035
:102fe800200d0000200d0000200d0000200d000025
:102ff800200d0000200d0000200d0000200d000015
:10300800200d0000200d0000200d0000200d000004
:10301800200d0000200d0000200d0000200d0000f4
:10302800200d0000200d0000200d0000200d0000e4
:10303800200d0000200d0000200d0000200d0000d4
:10304800200d0000200d0000200d0000200d0000c4
:10305800200d0000200d0000200d0000f40681bfa7
:103068004801000001000000200d0000200d0000b4
:10307800200d0000200d0000200d0000200d000094
:10308800200d0000200d0000200d0000200d000084
:10309800200d000084060000200d0000200d000017
:1030a800200d0000200d0000200d0000b8080000d1
:1030b800200d0000200d0000200d0000200d000054
:1030c800200d0000200d0000200d0000ec0a00007b
:1030d800200d0000200d0000200d0000200d000034
:1030e800200d0000200d0000200d0000200d000024
:1030f800200d0000200d0000200d0000200d000014
:10310800200d0000200d0000200d0000200d000003
:10311800200d0000200d0000200d0000200d0000f3
:10312800200d0000200d0000200d0000200d0000e3
:10313800200d0000200d0000200d0000200d0000d3
:10314800200d0000200d0000200d0000200d0000c3
:10315800200d0000200d0000200d0000200d0000b3
:10316800200d0000200d0000200d0000200d0000a3
:10317800200d0000200d0000200d0000200d000093
:10318800200d0000200d0000200d0000200d000083
:10319800200d0000200d0000200d0000200d000073
:1031a800200d0000200d0000200d0000200d000063
:1031b800400881bf0c00000001000000200d000045
:1031c800200d0000200d0000500881bf0400000001
:1031d80001000000200d0000580881bf1400000005
:1031e80001000000200d0000200d0000200d00004f
:1031f800200d0000200d0000740881bf1800000099
:1032080001000000200d0000200d0000200d00002e
:10321800200d0000200d0000200d0000940881bf43
:103228000400000001000000200d000004000080e0
:103238002400000001000000ffffffffffffffff69
:1032480001000000ffffffffffffffff010000007c
:10325800ffffffffffffffff010000000c7600806b
:1032680004000000000000000000000066666666ba
:020000040000fa
:020000041d00dd
:103278002540c0002518e000255080009800e01483
:103288002510a0002b30a6003500c010000000005b
:10329800202805710600a0102320050006208a00ba
:1032a8000410a2000440a800251082000450aa00bf
:1032b800023408001b004600f401c000ffff05317e
:1032c80002240a0012380000101000000014020046
:1032d800252044000248a7702b5889000a00601175
:1032e8002510e000212088002b5888000600601572
:1032f800ffffe2242b588900040060512320890035
:10330800feffe22421208800232089001b0086007c
:10331800f401c00010300000003406001220000044
:103328000238a470ffff45312528c5002b48a700a7
:103338000800201125308000212805012b40a80015
:1033480004000015ffff86242b28a7000100a054c5
:10335800feff8624001402000800e0032510460042
:1033680004000015010002241b004800f4010001bc
:103378001240000020580b7123006015200007241c
:103388002328a80001000324023408001b00a6001b
:10339800f401c000ffff073102240a0012280000d0
:1033a8001010000000140200252044000248e570b7
:1033b8002b5889000a0060112510a00021208800e0
:1033c8002b58880006006015ffffa2242b5889009f
:1033d8000400605123208900feffa22421208800d8
:1033e800232089001b008600f401c000ffff4a313a
:1033f80010280000002c05002528aa001220000033
:10340800caff00100238e4702338eb00044068015a
:103418000648e400023408000638e5001b00e60010
:10342800f401c0000410650125482201ffff0231a4
:10343800021c09001228000010380000003c070098
:103448002538e300025045702b60ea000a0080111d
:103458002518a0002138e8002b60e8000600801538
:10346800ffffa3242b60ea00040080512338ea0000
:10347800feffa3242138e8002338ea001b00e600f9
:10348800f401c000ffff25311230000010380000a1
:10349800003c07002528e500021046702b48a200d2
:1034a8000a0020112538c0002128a8002b48a800b0
:1034b80006002015ffffc7242b48a2000400205156
:1034c800001c0300feffc7242128a800001c0300dd
:1034d800045064012328a200abff001025186700e0
:1034e8002b40a700251800004e00001525100000ed
:1034f8002050ea7007004015200009242b28e50019
:103508004800a014010002242b1086000800e003e4
:103518000100423823482a010610260104384701d1
:1035280025384700041845010244070006282501ec
:103538001b00a800f4010001ffffeb300610240176
:1035480025104300021c0200122800001048000049
:10355800004c090025482301026065712b682c0185
:103568000a00a0112518a000214827012b6827016f
:103578000600a015ffffa3242b682c010400a0510e
:1035880023482c01feffa3242148270123482c01ae
:103598001b002801f4010001ffff45301240000024
:1035a80010480000004c09002528250102586871c0
:1035b8002b10ab000a004010254800012128a70065
:1035c8002b10a70006004014ffff09252b10ab00a5
:1035d8000400401000140300feff09252128a7005d
:1035e8000014030004304601251049001900c200e8
:1035f8002328ab00103800002b18a7000700601420
:10360800123000000700a714251800000420440108
:103618002b2086000300801000000000ffff4224da
:10362800251800000800e003000000002548c0003d
:10363800251080008b00e0142518a0002b30a60070
:103648003300c01020502a7108004011025c0900a4
:103658000418450123280a000628a4000448490143
:103668002518a30004104401025c09001b006b002c
:10367800f4016001ffff2431121800001028000037
:1036880002306470001c0500022c02002518650039
:103698002b2866000800a05023186600211869002e
:1036a8002b2869000300a0142b2866000100a054f1
:1036b80021186900231866001b006b00f4016001e3
:1036c800ffff4230103000001218000002586470ea
:1036d800001c0600251062002b184b0009006050e2
:1036e80023104b00211049002b1849000500605495
:1036f80023104b002b184b00010060542110490087
:1037080023104b00061042010800e00325180000b2
:1037180004002015010003241b006900f4012001a6
:103728001248000020502a711f004015200007246d
:103738002328a900025c09001b00ab00f40160010a
:10374800ffff243112280000101800000230a47076
:10375800002c0300021c02002528a3002b18a60039
:10376800080060502330a6002128a9002b18a900c2
:10377800030060142b18a600010060542128a9003a
:103788002330a6001b00cb00f4016001ffff42308c
:1037980010280000123000000258c47000340500e0
:1037a800cdff00102510c2002338ea000448490163
:1037b8000618e400023409000638e5001b00e6009c
:1037c800f401c00004104501ffff283125186200ec
:1037d800022c030012380000106000000210e8708c
:1037e800003c0c002538e5002b28e2000800a0501a
:1037f8002338e2002138e9002b28e9000300a0144f
:103808002b28e2000100a0542138e9002338e20007
:103818001b00e600f401c000ffff65301230000015
:1038280010380000003c07002528e5000230c87069
:103838002b10a60009004010041044012128a900fb
:103848002b10a90005004014041044012b10a600f9
:10385800010040542128a90004104401b5ff0010bc
:103868002328a6002b40a7005c0000152070ee70ee
:103878000a00c0152b40e500030000152b40860008
:103888005600001500000000231086002328a7001a
:103898002b1882000800e0032318a30020000b2443
:1038a80023586e01066066010438c7012538870170
:1038b8000440c501024c0700062865011b00a90049
:1038c800f40120010610640125104800ffffe830cc
:1038d80002640200122800001050000000540a0080
:1038e80025504c01021805712b6043010a00801114
:1038f8002568a000215047012b604701060080156c
:10390800ffffad242b604301040080512350430185
:10391800feffad2421504701235043011b004901fc
:10392800f4012001124800001050000000540a0061
:1039380002280971ffff4830254048012b10050176
:103948000a00401025502001214007012b100701d3
:1039580006004014ffff2a252b1005010400401023
:1039680000640d00feff2a252140070100640d00b8
:103978000410c60125608a0119008201234005014f
:103988000418c401106800002b200d012528a0018f
:1039980012600000050080141230000007000d15a9
:1039a8002b206c0006008010233066002330820133
:1039b8002338a7012b6086012328ec0023306600fa
:1039c8002b18660023400501231803010410630126
:1039d8000630c601251046000618c3010800e0039a
:0439e80000000000db
:020000040000fa
:020000041d00dd
:1039ec00c8ffbd273400bfaf3000b2af2c00b1af61
:1039fc002800b0af009d123c583b5226a480828f09
:103a0c000000508c0d000012000000000c00428cd5
:103a1c006822400f0000508cd31c400f1000a427cc
:103a2c001000a68f1c00c01025884000b611400f56
:103a3c0000000000210000101000a0af6822400f11
:103a4c0000000000d31c400f1000a4272588400064
:103a5c001000a28ff5ff4014a080828f0000468cce
:103a6c000100c62c23281102b01c400f9c80848faf
:103a7c00b611400f00000000100040541000a0af21
:103a8c00006802400001423400688240c00000001f
:103a9c000a0000101000a0af2b105000f2ff4014d1
:103aac0023281102b611400f000000002528200227
:103abc00001e400f252000021000a0af1400a0af84
:103acc001800a0af1c00a0af253000001000a527e7
:103adc002213400f9c80848fc8ff40101000a28fcf
:103aec00070041041c00a58f1400a28f09f84000a8
:103afc001800a48f1000a28ff4ff400425300000a2
:103b0c001800b08ff1ff0012253000001400028e57
:103b1c0003004010000000008d20400f040004261c
:103b2c00d31c400f2000a427258840001000a28f32
:103b3c000a00422ce4ff40101000a28f80100200fb
:103b4c000a10427e0800400000000000d43a009d9c
:103b5c00803b009d803b009df43b009d043c009d00
:103b6c00343c009d803b009d803b009df43b009dc0
:103b7c00043c009d2400029201004234240002a265
:103b8c001400a28f1800058e253840002530200225
:103b9c00212845004400400f25200002cbff401097
:103bac002530000024000292040043300b0060100a
:103bbc001400a58f1800028e253020022128a200a7
:103bcc006400400f252000022000028e09f84000fe
:103bdc0025200002bdff0010253000000400027cef
:103bec00f9ff0010240002a2240002920400027cbf
:103bfc00b5ff0010240002a22400029201004234fe
:103c0c00240002a21400a58f180005ae253820024e
:103c1c0025302002212825024400400f25200002d7
:103c2c00aaff00102530000024000292020043304d
:103c3c00050060140400027c6719400f2520000267
:103c4c00a2ff0010253000009fff0010240002a2ec
:020000040000fa
:020000041d00dd
:103c5c00d0ffbd272c00bfaf2800b5af2400b4aff8
:103c6c002000b3af1c00b2af1800b1af1400b0af5e
:103c7c00258880002580a0002598c00025a0e000a4
:103c8c004000b58ff920400f4400b28f0400a01201
:103c9c0014000326801803000a18237e0000a3ae2c
:103cac00212030025c008390ff0063300200052469
:103cbc005c0085a002000424650084528080100002
:103ccc000300842e4e008010010004245a008452fc
:103cdc0080801000010004243d00641401001424b1
:103cec005880838f65006014040026261400238ef0
:103cfc000800248e0c00258e080085ac0c00248e48
:103d0c000800258e040085ac0400648c04008654e5
:103d1c00140020ae0c00248e040064ac140020ae01
:103d2c000000648cffff8424000064ac2c00248e03
:103d3c007880858f01000324041883002518650002
:103d4c00788083af0180033c508763248028040073
:103d5c002128a40080280500212865000400a48cdb
:103d6c00080024ae0800858c0c0025ae0400a6ac1f
:103d7c00080086ac2c00248e803004002128c4005e
:103d8c008028050021286500140025ae2130c400d0
:103d9c00803006000a18667c010063240000a3ac86
:103dac009080848f2c00238e2c00848c2b18830005
:103dbc0007006010010014240200401201000324cb
:103dcc00000043ae010003246c8083af0100142477
:103ddc001d22400f25204000251080022c00bf8f93
:103dec002800b58f2400b48f2000b38f1c00b28f35
:103dfc001800b18f1400b08f0800e0033000bd270d
:103e0c000300042418008452140010260400042417
:103e1c00b0ff841602000424edff641025a00000fe
:103e2c00140010268080100021803002000013ae98
:103e3c00a9ff001001000424218030025000048ee0
:103e4c0025989300500013aea3ff0010010004242a
:103e5c00218030025000048e01008424500004aef6
:103e6c009dff00100100042480801000218030028e
:103e7c00000013ae98ff0010010004240180033ce5
:103e8c00d48a65240400a48c1c0024ae0800878c02
:103e9c00200027ae180026260400e6ac080086aced
:103eac00280025aed48a648c01008424bcff001049
:043ebc00d48a64ac94
:020000040000fa
:020000041d00dd
:103ec000d8ffbd272400bfaf2000b2af1c00b1afa8
:103ed0001800b0af258080002c00a5af2588000019
:103ee000259000004720400f000000003800028e9f
:103ef0001c004010ffff4224380002ae0000028e7a
:103f0000050040541000028ee821400f0000000020
:103f1000080002ae1000028e0900401000000000f0
:103f20004a14400f10000426050040100000000055
:103f3000006802400001423400688240c000000076
:103f4000541f400f01001124251020022400bf8fb0
:103f50002000b28f1c00b18f1800b08f0800e00362
:103f60002800bd272c00a28f05004014000000008f
:103f7000541f400f25880000f4ff00102510200278
:103f800003004016000000006d22400f1000a4271f
:103f9000541f400f000000006822400f0000000086
:103fa0004720400f00000000440002922014027cd1
:103fb000ffff032401004350440000a24500029289
:103fc0002014027cffff032401004350450000a29f
:103fd000541f400f000000002c00a527391c400f83
:103fe0001000a42723004014000000002221400fed
:103ff0002520000219004010000000000000028e81
:10400000080040142c00a58f4720400f000000003e
:10401000f013400f0800048e541f400f2588400005
:104020002c00a58f0721400f240004262718400fdd
:1040300025200002b611400f00000000a9ff4054e7
:1040400001001224006802400001423400688240ee
:10405000c0000000a3ff0010010012242718400f29
:1040600025200002b611400f010012249dff001010
:10407000000000002718400f25200002b611400f55
:10408000000000002221400f2520000295ff401073
:1040900001001224adff2012251020024720400ffe
:1040a000000000002400058e0500a01000000000a4
:1040b0003000028e0000428c070005242328a20055
:1040c0009b15400f0800048e541f400f25880000e8
:0840d0009eff001025102002e4
:020000040000fa
:020000041d00dd
:1040d800e8ffbd271400bfaf1000b0af5880828f33
:1040e8007a004014000000007c80908f01001026a8
:1040f8007c8090af0a000016000000008c80828f40
:104108008880838f8c8083af888082af6880828f1d
:1041180001004224688082af2f21400f0000000078
:104128006080828f2b1002021300401025100000bf
:104138009080838f2c00648c801804002118640000
:10414800802003000180033c508763240a18647ca4
:104158000200632c010004240a1083006c80848f01
:10416800010003240b1064001400bf8f1000b08fef
:104178000800e0031800bd27010008240180063c60
:104188005087c6248c80838f0000638c04006014e1
:10419800ffff0324608083afe5ff001000000000ec
:1041a8008c80838f0c00638c0c00638c0400648cff
:1041b8002b2804020400a0501400648c608084af93
:1041c800dbff0010000000000800678c0c00658c05
:1041d8000800e5ac0800678c0400a7ac040065245f
:1041e8000400878c0400e554140060ac0c00678c54
:1041f800040087ac140060ac0000878cffffe72444
:10420800000087ac2800648c110080502c00678c5b
:104218001c00698c2000678c080027ad1c00698c85
:104228000400e9ac180067240400898c04002755b1
:10423800280060ac2000678c040087ac280060acc4
:104248000000878cffffe724000087ac2c00678cf8
:104258007880898f0420e80025208900788084af41
:104268008020070021208700802004002120c4002e
:104278000400848c080064ac0800878c0c0067acd0
:104288000400e5ac080085ac2c00678c8020070092
:1042980021288700802805002128c500140065ac66
:1042a80021208700802004000a20c47c0100842487
:1042b8000000a4ac9080848f2c00638c2c00848c2c
:1042c8002b188300afff00100b1003017080828f42
:1042d80001004224708082afa3ff00102510000067
:020000040000fa
:020000041d00dd
:1042e8000400a88cb0ffbd274400b7af3800b4afb6
:1042f8002c00b1af4c00bfaf4800beaf4000b6af16
:104308003c00b5af3400b3af3000b2af2800b0af57
:1043180025b880002588a0004c0000050000b48c5a
:104328004408147c08003e8e10008a320000d28cab
:104338000400d68c0400401125a8c003251056029d
:1043480001004054feffd52708008932010020559e
:10435800ffffb5261000308e0c00338e2528a002f2
:10436800ffff102621107002000040a00200022a60
:104378000b00401425105602360040140f0043323b
:1043880023101501211045003300401c0a00642841
:104398000300a018020082322f0040140000000021
:1043a8000b004011000000000000c28c0400c38c08
:1043b800251043000600401021107002feff102651
:1043c800ffff47a03000032421107002000043a023
:1043d8000400201120000324ffff10262110700282
:1043e800000043a01000268e1000b4af2538c0038b
:1043f800ffffc6242330d00021287002e818400fa0
:104408002520e0020400e38e000163300400601000
:104418004c00bf8f0400238e2a2043000b10640039
:104428004800be8f4400b78f4000b68f3c00b58f60
:104438003800b48f3400b38f3000b28f2c00b18fa6
:104448002800b08f0800e0035000bd27b5ff00101a
:10445800010008240a006428020080105700622422
:1044680030006224bfffe3241a00632c130060109d
:10447800200043349fff63241a00632c100060500f
:10448800ffff1026252040005c00a7af5800a6af0c
:104498002400a8af2000a5af1c00a9af2b22400f15
:1044a8001800aaaf5c00a78f5800a68f2400a88f19
:1044b8002000a58f1c00a98f1800aa8fffff1026c7
:1044c80021187002000062a0029112000017160065
:1044d800ffffa52425905200a4ff001002b116008a
:020000040000fa
:020000041d00dd
:1044e800e8ffbd271400bfafffff8224f7ff422c6f
:1044f800700040101000b0af08009024070003328d
:104508000600601008000224231043002718020048
:104518002b18700067006014218002026822400f87
:10452800000000004880828f19004014000000003d
:104538000080023cac004224070044300600801092
:10454800606d0324070044240410047c606d422439
:1045580023184400251080004c808427000082ac7a
:10456800040080ac21184300f8ff63240410037c86
:10457800488083af040060ac000060ac2320620078
:10458800040044ac000043ac408084af448084af56
:104598000700010600000000b611400f00000000ef
:1045a800ac21400f258000003e00001025100002bd
:1045b800050000164480848fb611400f00000000eb
:1045c800f7ff0010000000002b10900005004010bd
:1045d8004c80838fb611400f00000000f0ff0010e0
:1045e800000000004c8085270400628c2b105000ce
:1045f800050040104880828f0000628c08004054fb
:10460800252860004880828f070043540000a28c50
:10461800b611400f00000000e1ff0010000000008c
:10462800f1ff0010251840000000668c0000a6acc1
:104638000400668c2330d0001100c72c0600e0145b
:10464800213870000400e6ac040070ac0000a68cb1
:104658000000e6ac0000a7ac0400658c23208500b0
:10466800448084af4080868f2b3086000100c05480
:10467800408084af080050240080023c2528a20016
:10468800040065ac000060ac3c80828f01004224cd
:10469800b611400f3c8082afc1ff0012000000003d
:1046a800251000021400bf8f1000b08f0800e0032f
:1046b8001800bd276822400f000000004880828f44
:1046c800bdff40140000000099ff00102580000085
:020000040000fa
:020000041d00dd
:1046d800e0ffbd271c00bfaf1800b1af4720400f57
:1046e8001400b0af5880828fffff4224588082aff9
:1046f8005880828f04004014258000008080828fbb
:104708006700401425100000541f400f00000000ef
:10471800251000021c00bf8f1800b18f1400b08f45
:104728000800e0032000bd270c00428c2800438cc1
:104738001c00448c2000468c080086ac2000448c69
:104748001c00468c040086ac180044240400668cc7
:104758000400c454280040ac2000448c040064ac1d
:10476800280040ac0000648cffff8424000064ac87
:104778001400438c0800468c0c00448c0800c4ac20
:104788000800468c040086ac040044240400668caf
:104798000400c454140040ac0c00468c040066ac01
:1047a800140040ac0000668cffffc624000066ac15
:1047b8002c00468c78808a8f0418c70025186a0058
:1047c800788083af801806002118660080180300df
:1047d8002118a3000400638c080043ac0800668c11
:1047e8000c0046ac0400c4ac080064ac2c00468c39
:1047f8008018060021206600802004002120a400e3
:10480800140044ac21186600801803000a18a37c21
:1048180001006324000083ac9080848f2c00438cbb
:104828002c00848c2b188300010060546c8087afa7
:10483800d48a038dbcff60540c00228d0300401005
:10484800000000002f21400f000000007080908fb2
:1048580009000012010011243610400f000000006a
:10486800010040546c8091afffff1026faff00163c
:1048780000000000708080af6c80908fa2ff001253
:10488800000000009080828f0068024000014234de
:1048980000688240c00000009bff00100100102447
:1048a8000180083cd48a0925010007240180053cc1
:0848b800dfff00105087a5246a
:020000040000fa
:020000041d00dd
:1048c000d0ffbd272c00bfaf2800b4af2400b3af8a
:1048d0002000b2af1c00b1af1800b0af258080003f
:1048e0002590a0003800a6af2588e000259800009c
:1048f0004720400f000000003800028e3c00038e6d
:104900002b1043000300401402000224230022164f
:104910003800a28f25302002252840022819400f98
:10492000252000022400038e140060100000000007
:104930004a14400f24000426050040100000000027
:10494000006802400001423400688240c00000005c
:10495000541f400f00000000010002242c00bf8ff4
:104960002800b48f2400b38f2000b28f1c00b18fb9
:104970001800b08f0800e0033000bd27f4ff40109e
:1049800000000000006802400001423400688240dc
:10499000c0000000eeff0010000000000500401401
:1049a00000000000541f400f00000000ebff00104b
:1049b0002510000003006016000000006d22400f6b
:1049c0001000a427541f400f000000006822400f71
:1049d000000000004720400f000000004400029249
:1049e0002014027cffff032401004350440000a276
:1049f000450002922014027cffff03240100435073
:104a0000450000a2541f400f000000003800a527f9
:104a1000391c400f1000a4271c00401400000000a7
:104a20004720400f000000003800148e541f400f34
:104a30003c00138e0f0093163800a58f0721400ffe
:104a4000100004262718400f25200002b611400f41
:104a500000000000a6ff405401001324006802403b
:104a60000001423400688240c0000000a0ff001036
:104a7000010013242718400f25200002b611400f13
:104a8000010013249aff0010000000002718400fb7
:104a900025200002b611400f00000000afff0010fb
:044aa00025100000dd
:020000040000fa
:020000041d00dd
:104aa400e0ffbd271c00bfaf1800b2af1400b1afc8
:104ab4001000b0af4720400f258080008080828f97
:104ac40001004224808082af9080828f6200401473
:104ad40000000000908090af8080838f010002244a
:104ae400280062140180043ce021400f5087842494
:104af4000180043ce021400f648784240180043c4d
:104b0400e021400f788784240180043ce021400f99
:104b14008c8784240180043ce021400fa0878424f6
:104b24000180043ce021400fb48784240180043ccc
:104b3400e021400fc88784240180123ce021400f0b
:104b4400fc8a44260180113ce021400fe88a242697
:104b54000180043ce021400fd48a84240180043c79
:104b6400e021400fc08a84240180043ce021400fee
:104b7400ac8a8424fc8a52268c8092afe88a31263f
:104b8400888091af6480828f01004224648082af68
:104b94002c00048e7880838f01000224041082008c
:104ba40025104300788082af0180023c5087422464
:104bb40080180400211864008018030021184300a1
:104bc4000400638c080003ae0800658c0c0005ae7d
:104bd400040004260400a4ac080064ac2c00058e78
:104be4008020050021188500801803002118430047
:104bf400140003ae21208500802004000a10447ca8
:104c040001004224541f400f000062ac7480828f64
:104c14000c0040101c00bf8f9080828f2c00428caf
:104c24002c00038e2b104300070040101800b28f95
:104c3400006802400001423400688240c000000065
:104c44001c00bf8f1800b28f1400b18f1000b08ffa
:104c54000800e0032000bd277480828fcaff40143f
:104c64006480828f9080828f2c00428c2c00038e73
:104c74002b106200c3ff4050908090afc2ff001021
:044c84006480828f37
:020000040000fa
:020000041d00dd
:104c8800d0ffbd272c00bfaf2800b3af2400b2afc0
:104c98002000b1af1c00b0af258080002590a00097
:104ca8003800a6af259800004720400f00000000fc
:104cb8003800118e1a00201225284002f31f400fd9
:104cc80025200002ffff3126380011ae1000028ea9
:104cd80009004010000000004a14400f100004268c
:104ce8000500401000000000006802400001423446
:104cf80000688240c0000000541f400f0000000000
:104d0800010002242c00bf8f2800b38f2400b28f2b
:104d18002000b18f1c00b08f0800e0033000bd27d1
:104d28003800a28f0500401400000000541f400ff7
:104d380000000000f3ff00102510000003006016bb
:104d4800000000006d22400f1000a427541f400fe0
:104d5800000000006822400f000000004720400fbc
:104d680000000000440002922014027cffff03248c
:104d780001004350440000a2450002922014027c26
:104d8800ffff032401004350450000a2541f400fb9
:104d9800000000003800a527391c400f1000a42788
:104da80019004014000000002221400f25200002b5
:104db8000f0040103800a58f0721400f240004265b
:104dc8002718400f25200002b611400f00000000f0
:104dd800b5ff40540100132400680240000142342a
:104de80000688240c0000000afff001001001324db
:104df8002718400f25200002b611400f0100132488
:104e0800a9ff0010000000002718400f252000020d
:104e1800b611400f000000002221400f252000029b
:104e2800f1ff401025100000b7ff00102c00bf8fc5
:020000040000fa
:020000041d00dd
:104e3800880002243f00a2108900a2281a0040100e
:104e4800810002245400a2108200a228050040100c
:104e5800800002245100a2500000e28c0800e00308
:104e680025100000820002243b00a2500000e28cc2
:104e780084000224f9ffa214000000000000e28c64
:104e8800040043240000428c2700c0100000e3ac5b
:104e98002016027c000082acc3170200040082ac1a
:104ea8000800e00301000224a00002243600a250fa
:104eb8000000e28ca100a2281000401090000224fb
:104ec800e6ffa214000000000000e28c0700422464
:104ed8000410027c0000488c0400498c080042241d
:104ee8000000e2ac000088ac040089ac0100c010ee
:104ef800010002240800e00300000000c0000224b2
:104f08000500a2500000e28cf0000224d3ffa21496
:104f1800000000000000e28c040043240000e3ac21
:104f2800020000100000428cffff423020000010f9
:104f3800000082ac0000e28c040043240000428c94
:104f48000300c0100000e3acd2ff00102014027c64
:104f5800f6ff0010ff004230070042240410027cd4
:104f68000000488c0400498c080042240000e2ac90
:104f7800000088ac040089acdeffc01001000224e8
:104f88000800e00300000000040043240000e3ac34
:104f9800c0ff00100000428c0000e28c0400432493
:104fa8000000e3ac0000428cbbffc014000082ace0
:084fb800bbff0010040080acf7
:020000040000fa
:020000041d00dd
:104fc0005700801025100000e0ffbd271c00bfaf78
:104fd0001800b1af1400b0af2c00838c9080828f8a
:104fe0002c00428c2b106200480040100000000092
:104ff0001800828c07004004801003009080828f8c
:105000002c00458c0700022423104500180082acb8
:105010008010030021104300801802000180023c30
:1050200050874224211043001400838c3200621404
:1050300025808000040091248d20400f252020022f
:1050400008004014000000007880838f2c00048e3c
:1050500001000224041082002710020024104300e3
:10506000788082af9080828f2c00448c2c0004ae1c
:105070007880838f010002240410820025104300f1
:10508000788082af0180023c50874224801804005f
:105090002118640080180300211843000400638c69
:1050a000080003ae0800648c0c0004ae040091ac50
:1050b000080071ac2c00058e8020050021188500a9
:1050c0008018030021184300140003ae212085003e
:1050d000802004000a10447c01004224000062acdd
:1050e000010002241c00bf8f1800b18f1400b08f84
:1050f0000800e0032000bd279080828f2c00428ca6
:105100002c0082acf7ff0010010002249080838ff6
:105110004800828c2c00638cf2ff00102b1043009f
:085120000800e003000000009c
:020000040000fa
:020000041d00dd
:105128000c00828c0c00428c2800438c1c00458c9f
:105138002000448c0800a4ac1c00458c040085acfd
:10514800180045240400648c04008554280040acf1
:105158002000448c040064ac280040ac0000648c3f
:10516800ffff8424000064ac5880838f38006014eb
:105178000180033c1400438c0800458c0c00448ccf
:105188000800a4ac0800458c040085ac0400452444
:105198000400648c04008554140040ac0c00448c5a
:1051a800040064ac140040ac0000648cffff84244d
:1051b800000064ac2c00468c7880848f01000324a6
:1051c8000418c30025186400788083af0180033c6d
:1051d8005087632480200600212086008020040058
:1051e800212064000400848c080044ac0800868cec
:1051f8000c0046ac0400c5ac080085ac2c00468cfd
:10520800802806002120a6008020040021206400b8
:10521800140044ac2128a600802805000a18657ce3
:1052280001006324000083ac9080848f2c00438ca1
:105238002c00828c2b1843000300601025100000fe
:10524800010002246c8082af0800e0030000000027
:10525800d48a66240400c48c1c0044ac0800878ce3
:10526800200047ac0400e5ac080085ac280046ac3b
:10527800d48a648c01008424ebff0010d48a64acc7
:020000040000fa
:020000041d00dd
:10528800c0ffbd272c00b1af258880002520c000b5
:105298000400878c0000a28c3800b4afc2a70700b6
:1052a8003400b3af3000b2af2800b0af3c00bfaf9e
:1052b8002580a0000400a38c0800b28c2000a2afb7
:1052c8000c00b38c3e0080120000c68c2330060010
:1052d8002b20060023380700080060042338e40068
:1052e8004408027c050080162000a2af2000a28f8f
:1052f800040043302a006010c000427cffff4226b1
:105308002000a3271800a3af0a0003241400a3afaa
:105318001000a2afeb15400f2520000206008016f2
:105328002d0003242000a38f040064301e00801089
:10533800080063302b000324ffff4224212062026f
:10534800000083a01000068e2000a38f253840029d
:10535800ffffc6241000a3af2330c2002128620239
:10536800e818400f252020020400238e0001633036
:10537800040060103c00bf8f0400038e2a20430005
:105388000b1064003800b48f3400b38f3000b28f34
:105398002c00b18f2800b08f0800e0034000bd2723
:1053a800d7ff001023104202e6ff601020000424fb
:1053b800ffff422421186202e2ff0010000064a0ef
:1053c800c8ff63044408027cc9ff00102000a28fb4
:020000040000fa
:020000041d00dd
:1053d800e0ffbd271c00bfaf1800b2af1400b1af8b
:1053e8001000b0af258080002590a0009080828fab
:1053f80014008324801803000a10437c1100401411
:10540800000000000f00c0102588c0006822400f6f
:10541800000000004720400f000000009080828fad
:1054280014000326801803000a10437c2000401053
:1054380000000000541f400f00000000b611400f8c
:10544800000000004720400f000000009080918f6e
:1054580014000226801002000a88227e080020120a
:105468000000000025004012000000009080828f9c
:10547800140003268018030021104300000040acec
:105488009080828f218050005c0000a2541f400f42
:1054980000000000251020021c00bf8f1800b28fea
:1054a8001400b18f1000b08f0800e0032000bd2762
:1054b8009080828f21105000010003245c0043a0db
:1054c800541f400f00000000010005243a16400f49
:1054d80025202002b611400f00000000d9ff40141b
:1054e8000000000000680240000142340068824069
:1054f800c0000000d3ff0010000000009080828fe1
:10550800ffff2326140004268020040021104400f5
:0c551800000043acdaff001000000000af
:020000040000fa
:020000041d00dd
:1055240081bf033c8010628c0001427c8010638c3c
:105534008001637c040060540180023c060040103a
:10554400252000000180023cdc8742240100032462
:10555400040043ac0400042481bf023c8010428c4c
:105564004000427c0900401081bf023c0200032439
:10557400841043ac0180023cdc87432401000424f2
:10558400040064acdc8740a00200042481bf023c18
:105594008010428cc000427c0800401081bf023c55
:1055a40058000324841043ac0180023cdc8743246c
:1055b40001000424040064acdc8740a081bf023ce9
:1055c4008010428c010042301000401081bf023c28
:1055d40001000324841043ac0180033cdc87622473
:1055e40002000424040044acdc8760a081bf033cb7
:1055f40040000424840064ac0800428c0d00405434
:10560400020004240800e0030000000081bf023c03
:1056140040000324840043ac0180023cdc87422424
:105624000800428c0e004010000000000c008010a6
:1056340000000000e8ffbd271400bfaf0180023c5a
:10564400dc8742240c00458c0800428c09f8400099
:10565400000000001400bf8f0800e0031800bd27fd
:085664000800e0030000000053
:020000040000fa
:020000041d00dd
:10566c004d008010000000004800838c2b1065005a
:10567c000a2862002c00838c470065100000000093
:10568c004c00868c010002244300c2140000000070
:10569c002c0085ac1800828c030040040700022407
:1056ac0023284500180085ac80100300211043000e
:1056bc00801802000180023c5087422421104300d4
:1056cc001400838c3400621400000000e0ffbd273e
:1056dc001c00bfaf1800b1af1400b0af2580800024
:1056ec00040091248d20400f2520200209004054f5
:1056fc002c00048e7880838f2c00048e01000224f1
:10570c00041082002710020024104300788082af1e
:10571c002c00048e7880838f0100022404108200f8
:10572c0025104300788082af0180023c50874224d0
:10573c00801804002118640080180300211843000d
:10574c000400638c080003ae0800648c0c0004aeeb
:10575c00040091ac080071ac2c00058e8020050073
:10576c00211885008018030021184300140003ae93
:10577c0021208500802004000a10447c0100422472
:10578c00000062ac1c00bf8f1800b18f1400b08fea
:10579c000800e0032000bd270800e0030000000023
:020000040000fa
:020000041d00dd
:1057ac000400828cc0ffbd273800beaf2800b4af08
:1057bc002000b2af1c00b1af3c00bfaf3400b7af9c
:1057cc003000b6af2c00b5af2400b3af1800b0afab
:1057dc002588c0002590e0005400b48f02004104dd
:1057ec005800be8f010002241000908c0c00958c88
:1057fc000000d78f5000b38fffff10262118b00286
:10580c00000060a001000924234053000200f7327d
:10581c00c3b714001000001e251032022c002051ba
:10582c000000c28f3c00bf8f251000023800be8fd5
:10583c003400b78f3000b68f2c00b58f2800b48f92
:10584c002400b38f2000b28f1c00b18f1800b08fd2
:10585c000800e0034000bd2707004014211013018d
:10586c000600401c25202002ecff601a00000000fe
:10587c00eaffe0120000000025202002252840024b
:10588c00253080022538c0021400a8af8d0d400fc2
:10589c00ffff10261000a2af2118b00230004224e6
:1058ac002520200225284002000062a0253080021d
:1058bc009e0c400f2538c002ffff73262588400040
:1058cc00259060001400a88fd2ff00101000a98f43
:0c58dc000421027cd3ff00100000c2afca
:020000040000fa
:020000041d00dd
:1058e800d8ffbd272400bfaf2000b4af1c00b3af62
:1058f8001800b2af1400b1af1000b0af258080001f
:1059080025a0a0007c80918f8c80928f8880938fb7
:105918009080848f8d20400f040084240a00401456
:10592800ffff02249080828f7880838f2c00448c24
:1059380001000224041082002710020024104300f2
:10594800788082afffff02241e00025621803002b9
:105958001b0080120180023cac8a45240400a38c01
:105968009080848f080083ac9080848f0800668cb8
:105978000c0086ac9080848f040084240400c4ac9e
:105988009080848f04008424080064ac9080838f06
:10599800140065acac8a438c01006324ac8a43ac28
:1059a8002400bf8f2000b48f1c00b38f1800b28f63
:1059b8001400b18f1000b08f0800e0032800bd2745
:1059c800218030029080828f2b88110207002012dc
:1059d800040050ac9080858f0400a524b21f400fae
:1059e80025206002efff00102400bf8f9080858f74
:1059f8000400a524b21f400f252040026080828f3a
:105a08002b100202e6ff4054608090afe5ff0010c3
:045a18002400bf8f18
:020000040000fa
:020000041d00dd
:105a1c00e8ffbd271400bfaf5880828f05004010ef
:105a2c00010002246c8082af1400bf8f0800e003d9
:105a3c001800bd276c8080af9080838f9080828f00
:105a4c009080848f0000428c3000848c2b1082005c
:105a5c0014004010000000003000628c0000448ce8
:105a6c00a5a5033ca5a563340e008314a5a5033c92
:105a7c000400448ca5a563340a008314a5a5033c3b
:105a8c000800448ca5a563340600831400000000b4
:105a9c000c00438ca5a5023ca5a542340500621060
:105aac00000000009080858f9080848fa321400f90
:105abc003400a5247880828f201843701f000224a4
:105acc00231043000180043c50878424801802007a
:105adc002128620080280500212885000400a68c5e
:105aec000400c68c2118620080180300080063248f
:105afc00211883000300c3140400a6ac0c00a48c72
:105b0c000400a4ac0180033c802002002110820020
:105b1c008020020050876224211044000400428c33
:105b2c000c00428c908082af9080828fbfff00105f
:045b3c001400bf8f03
:020000040000fa
:020000041d00dd
:105b40008003022486bf033c300162ac86bf033c65
:105b5000140162ac86bf033c040162ac00800234d5
:105b600086bf033c580262ac86bf033c780262ac3d
:105b700086bf033c2002638c81bf033c0001043cd0
:105b8000f80064ac8800042486bf053c3008a4ac4f
:105b900086bf053c1408a4ac86bf043c70000524f5
:105ba000580885ac86bf043c780882ac86bf023cae
:105bb0002008428c0040023cf80062ac80000224c5
:105bc00086bf033c300962ac86bf033c140962ac5b
:105bd00080bf023c300040ac99aa033c5566632468
:105be000300043ac6655033caa996334300043aca3
:105bf00080bf033c0000648c446b047c000064acf8
:105c000080bf043c04000524481685ac0000648c69
:105c100001000524446ba47c000064ac300040ac5f
:105c20000180023c2f0003247c8a43ac7c8a4224fe
:105c3000840003240c0043ac85000324180043ac0b
:105c400086000324240043ac040040ac100040aca8
:105c50001c0040ac280040ac0800e003000000003d
:020000040000fa
:020000041d00dd
:105c6000c8ffbd273400bfaf3000b7af2c00b6afc0
:105c70002800b5af2400b4af2000b3af1c00b2af12
:105c80001800b1af1400b0af25a880002588a0008f
:105c900025b0e0004800b78f4c00b48f5000b08fa3
:105ca0008090060025304002a50005245e21400fab
:105cb0003000048e0e0020123000138e000022826d
:105cc0000a004010340002a20100222635000326fb
:105cd000100031260000448004008010000064a001
:105ce00001004224fbff511401006324430000a281
:105cf0000700f12e060002240b10f1022588400057
:105d00002c0002ae480002ae9222400f040004268e
:105d10009222400f18000426100010ae0700022443
:105d200023885100180011ae240010aefcff52264b
:105d3000219072022530c0022528a00225204002b1
:105d40003c1f400f0410047c02008012000002aed1
:105d5000000090ae3400bf8f3000b78f2c00b68f9c
:105d60002800b58f2400b48f2000b38f1c00b28fa1
:105d70001800b18f1400b08f0800e0033800bd2771
:020000040000fa
:020000041d00dd
:105d800042008010251000004c00838cffff63242c
:105d90004c0083ac2c00868c4800858c3b00c510e1
:105da000000000003900601400000000e0ffbd2783
:105db0001c00bfaf1800b1af1400b0af2580800049
:105dc000040091248d20400f25202002090040541a
:105dd0004800048e7880838f2c00048e01000224fa
:105de000041082002710020024104300788082af44
:105df0004800048e2c0004ae070002242310440047
:105e0000180002ae7880838f010002240410820003
:105e100025104300788082af0180023c50874224e5
:105e20008018040021186400801803002118430022
:105e30000400638c080003ae0800648c0c0004ae00
:105e4000040091ac080071ac2c00058e8020050088
:105e5000211885008018030021184300140003aea8
:105e600021208500802004000a10447c0100422487
:105e7000000062ac010002241c00bf8f1800b18f2b
:105e80001400b08f0800e0032000bd270800e003e5
:045e9000000000000e
:020000040000fa
:020000041d00dd
:105e9400e0ffbd271c00bfaf1800b2af1400b1afc4
:105ea4001000b0af40800400218004028081100003
:105eb40081bf033c801063240a18037e0041040060
:105ec4000180023cdc8742248a11487c0300401094
:105ed4000b00633029006010251000002590c000dd
:105ee40081bf113c84102226211002025b0003248e
:105ef400000043ac001104000180033cdc876324f0
:105f04002110430001000324000043a06818400f3f
:105f14002530e000b010222621100202000052ac0d
:105f2400c0102226211002023000a38f000043accf
:105f3400f0102226211002023400a38f000043ac8b
:105f4400681022262110020280000324000043acc2
:105f5400701031260a88117e100031320700201695
:105f64000100022481bf023c7810422421800202f5
:105f740080000224000002ae010002241c00bf8f36
:105f84001800b28f1400b18f1000b08f0800e00326
:045f94002000bd2705
:020000040000fa
:020000041d00dd
:105f98000080163c0000d6260000d68effffd626cd
:105fa8000400c016000000000080163c4400d626fd
:105fb8000000d58e8000b68e1108c0027c00b68e17
:105fc8001308c0028800b68e1110c0028400b68e75
:105fd8001310c0029000b68e1118c0028c00b68e45
:105fe8001318c0029400b68ef8fcdf7e0800b68e47
:105ff8001300c0020c00b68e1100c0021000a18e62
:106008003000b78e2c00b68e3400a28e3800a38ed6
:106018003c00a48e4000a58e4400a68e4800a78ea2
:106028004c00a88e5000a98e5400aa8e5800ab8e42
:106038005c00ac8e6000ad8e6400ae8e6800af8ee2
:106048006c00b88e7000b98e7400be8e7800bf8e5a
:1060580000606041c000000000801a3c00005a2720
:1060680000005b8fffff7b2700005baf9c00ba8eb0
:106078009800bb8e20e815002800b58fa000bd272a
:1060880000609a4000709b40c00000001800004269
:046098000000000004
:020000040000fa
:020000041d00dd
:10609c00e0ffbd271c00bfaf1800b2af1400b1afba
:1060ac001000b0af4720400f2580800045001192b2
:1060bc00208c117c0500201affff02242400028e84
:1060cc001b00401424001226ffff0224450002a2ec
:1060dc00541f400f000000004720400f000000003c
:1060ec0044001192208c117c0500201affff022421
:1060fc001000028e1c00401410001226ffff022418
:10610c00440002a2541f400f000000001c00bf8f6f
:10611c001800b28f1400b18f1000b08f0800e0038c
:10612c002000bd272400028ee8ff4010ffff022450
:10613c004a14400f2520400203004010ffff312677
:10614c007722400f00000000208c117cf5ff2016f8
:10615c00ffff0224ddff0010000000001000028e83
:10616c00e7ff4010ffff02244a14400f2520400295
:10617c0003004010ffff31267722400f0000000083
:10618c00208c117cf5ff2016ffff0224dcff001091
:04619c0000000000ff
:020000040000fa
:020000041d00dd
:1061a00042170500060003242100431407000724ba
:1061b000021f05000c0002241a00621400d8a57cfe
:1061c0000020033c2518a3004010040021204400b7
:1061d0008021040081bf023c9010422421108200e3
:1061e000000043ac421f0600060002241f00621498
:1061f00007000524021f06000c0002241800621488
:1062000000d8c27c0020063c2510460081bf033c1c
:10621000a010632421208300000082ac0800e0036a
:10622000000000000030033ce7ff00102518a30029
:10623000e5ff471400e0a37c021f05000e000224c6
:106240000400621400d8a57c0020033cdeff00108f
:106250002518a3000030033cdbff00102518a30025
:106260000030063ce9ff001025104600e7ff6514ea
:1062700000e0c27c021f06000e00022405006254ea
:1062800000d8c67c00d8c27c0020063cdfff00108e
:10629000251046000030023cdcff00102510c20033
:020000040000fa
:020000041d00dd
:1062a000d8ffbd272400bfaf7c1e400f2520000073
:1062b00086bf023c80000324340843ac86bf043c04
:1062c000340983ac08000424340844ac86bf023c83
:1062d000340143ac00010324340143ac0002032425
:1062e000340143ac25300000009d053c8c7ca52486
:1062f000d021400f252000000180023ca0894224cb
:106300001800a2af0180023c108242241400a2af08
:106310001000a0afb480872700010624019d053c32
:10632000d881a524009d043c521b400f687a842428
:1063300015004014b08082af63000324019d023c2d
:10634000ac81422482bf053c82bf063c102aa48c4b
:106350004002847cfdff801400000000202ac3acb2
:10636000102aa38c0002637cfdff60100000000077
:106370000100422400004380f4ff6014000000008c
:106380005321400f01000424bd20400f01000424cc
:10639000511a400fa88082afffff001000000000dc
:020000040000fa
:020000041d00dd
:1063a000c0ffbd272c00b3af5000b38f3800b6af8d
:1063b0003000b4af010073322800b2af2400b1af97
:1063c0002000b0af3c00bfaf3400b5af25908000d7
:1063d00025b0a0002580c0002588e00003006016dd
:1063e0002ba0c7001300805623a0300225300002e6
:1063f0002528c0026c1f400f252040020d0080168a
:1064000023a03002258800023c00bf8f2510200207
:106410003800b68f3400b58f3000b48f2c00b38fa6
:106420002800b28f2400b18f2000b08f0800e00355
:106430004000bd271100862e100002240b1086029a
:1064400025304000200005241000a4275e21400fc5
:1064500025a880021000a22e0b0040100f008632eb
:106460001000a5276c1f400f25204002e6ff601694
:10647000253000022528c0026c1f400f2520400255
:10648000e2ff00103c00bf8f100006241000a5277b
:106490006c1f400f25204002eeff0010f0ffb526d4
:020000040000fa
:020000041d00dd
:1064a000e0ffbd271c00bfaf1800b2af1400b1afb2
:1064b0001000b0af258080002588c0003800928c85
:1064c0004000868c1100c014000000000000828c87
:1064d00005004014258800006017400f0800848cd8
:1064e00025884000080000ae01005226380012ae98
:1064f000251020021c00bf8f1800b28f1400b18f2e
:106500001000b08f0800e0032000bd270e00201609
:10651000000000004821400f0400848c0400028e1b
:106520004000038e21104300040002ae0800038ed9
:106530002b104300edff4054010052260000028e54
:10654000e9ff0010040002ae4821400f0c00848ccb
:106550004000038e231803000c00028e211043001c
:106560000c0002ae0000048e2b1044000500401009
:10657000020002240800028e211843000c0003ae22
:1065800002000224d8ff221625880000d7ff4052bf
:0c65900001005226d4ff0010ffff52262d
:020000040000fa
:020000041d00dd
:10659c003a00801000000000fcff828c37004104a0
:1065ac0000000000f8ff838c340060140000000031
:1065bc00e0ffbd271c00bfaf1800b1af1400b0af97
:1065cc0025888000f8ff902400f0427c6822400f60
:1065dc00fcff82acfcff248e4480828f211044008f
:1065ec00448082af4c8082270000438c2b287000a3
:1065fc00fdffa054251060000400458c213045009f
:10660c000300061621208500040044ac25804000c0
:10661c000400058e21200502160064144880848f26
:10662c0007006450000004ae0400638c2118650060
:10663c00040003ae0000438c0000638c000003ae2a
:10664c0001005054000050ac3880828f010042246d
:10665c00b611400f388082af1c00bf8f1800b18f6d
:10666c001400b08f0800e0032000bd27f4ff0010d9
:10667c00000004aef2ff0010000003ae0800e003bf
:04668c00000000000a
:020000040000fa
:020000041d00dd
:106690000000a28c0400a38cc0ffbd273800b3af5c
:1066a0003400b2af3000b1af2c00b0af3c00bfaf90
:1066b000259080002580a0000800b38c2000a2afa8
:1066c000030060040c00b18c4408027c2000a2afdf
:1066d0002000a2271800a2af080002241400a2afd5
:1066e0001000b3af0400c78c0000c68ceb15400f40
:1066f000252000022000a38f1000633004006010ea
:1067000030000424ffff422421182202000064a06c
:106710002000a38f080063300400601020000424d0
:10672000ffff422421182202000064a01000068e00
:106730002000a38f25386002ffffc6241000a3affe
:106740002330c20021282202e818400f25204002f1
:106750000400438e00016330040060103c00bf8fd2
:106760000400038e2a2043000b1064003800b38f0e
:106770003400b28f3000b18f2c00b08f0800e003de
:046780004000bd27f1
:020000040000fa
:020000041d00dd
:1000100039008010251000003c00838c36006010f1
:10002000000000004000828c1900620010180000df
:100030003100601425100000e0ffbd271c00bfaf99
:100040001800b1af1400b0af2588a0004720400fc2
:10005000258080000000048e4000058e3c00038e49
:100060000210a37021188200080003ae380000ae11
:10007000040004ae23104500211082000c0002aee3
:10008000ffff0224440002a2450002a21400201631
:10009000000000001000028e090040100000000067
:1000a0004a14400f10000426050040100000000014
:1000b000006802400001423400688240c000000035
:1000c000541f400f00000000010002241c00bf8fdd
:1000d0001800b18f1400b08f0800e0032000bd2786
:1000e000e021400f10000426e021400f24000426e8
:1000f000f3ff0010000000000800e0030000000013
:020000040000fa
:020000041d00dd
:10678400840002242200a2500000e28c8500a2288a
:1067940010004010810002240800a2500000e28c86
:1067a400820002242700a2500000e28c8000022410
:1067b4001000a214000000000000e28c0400432436
:1067c4000000e3ac0000428c000082ac1500001015
:1067d400000046ac900002241a00a2500000e28c93
:1067e4009100a22805004010880002240f00a25046
:1067f4000000e28c0800e00325100000a000022441
:10680400eeffa2500000e28ce9ff0010c000022459
:10681400040043240000e3ac0000428c000082ac7e
:10682400000046a40800e0030100022404004324fd
:106834000000e3ac0000428c000082acf9ff0010c1
:10684400000046a0040043240000e3ac0000428c96
:10685400000082ac000046acc3370600f1ff001014
:04686400040046ac3a
:020000040000fa
:020000041d00dd
:10686800a8ffbd270400a1af0800a2af0c00a3af8a
:106878001000a4af1400a5af1800a6af1c00a7af66
:106888002000a8af2400a9af2800aaaf2c00abaf06
:106898003000acaf3400adaf3800aeaf3c00afafa6
:1068a8004000b8af4400b9af4800bfaf1240000085
:1068b8004c00a8af104000005000a8af019d1a3c42
:1068c800e0885a2700000000006804400060054086
:1068d80009f84003000000005000a88f11000001d3
:1068e8004c00a88f130000010400a18f0800a28f9c
:1068f8000c00a38f1000a48f1400a58f1800a68f7a
:106908001c00a78f2000a88f2400a98f2800aa8f19
:106918002c00ab8f3000ac8f3400ad8f3800ae8fb9
:106928003c00af8f4000b88f4400b98f4800bf8f3c
:0c6938005800bd27c000000018000042fd
:020000040000fa
:020000041d00dd
:10694400b8ffbd274400bfaf2400a0af2800a0af0c
:106954002c00a0af490002242000a2a3440002247a
:106964002100a2a34c0002242200a2a34500022479
:106974002300a2a33400a0af3000a0af3800a627a4
:106984003000a527b521400f3400a4273400a28f7e
:106994001800a2af3000a28f1400a2af1000a0af65
:1069a400253800003800a6972000a527019d043c47
:1069b400521b400fb4828424120040105c8082afca
:1069c4001f1e400f00000000010003240e004314aa
:1069d4000080023c006002408482027c000c42344d
:1069e40000608240c0000000ffff0224608082af8c
:1069f40001000224748082af7c8080af841f400f2a
:106a0400000000000080023ca800428c4400bf8fbc
:086a14000800e0034800bd2763
:020000040000fa
:020000041d00dd
:106a1c00a8ffbd270400a1af0800a2af0c00a3afd4
:106a2c001000a4af1400a5af1800a6af1c00a7afb0
:106a3c002000a8af2400a9af2800aaaf2c00abaf50
:106a4c003000acaf3400adaf3800aeaf3c00afaff0
:106a5c004000b8af4400b9af4800bfaf12400000cf
:106a6c004c00a8af104000005000a8af00680440d4
:106a7c0000600540019d023c1089422409f8400049
:106a8c00000000005000a88f110000014c00a88fde
:106a9c00130000010400a18f0800a28f0c00a38f2b
:106aac001000a48f1400a58f1800a68f1c00a78fb0
:106abc002000a88f2400a98f2800aa8f2c00ab8f50
:106acc003000ac8f3400ad8f3800ae8f3c00af8ff0
:106adc004000b88f4400b98f4800bf8f5800bd27c5
:086aec00c00000001800004288
:020000040000fa
:020000041d00dd
:106af400a8ffbd270400a1af0800a2af0c00a3affc
:106b04001000a4af1400a5af1800a6af1c00a7afd7
:106b14002000a8af2400a9af2800aaaf2c00abaf77
:106b24003000acaf3400adaf3800aeaf3c00afaf17
:106b34004000b8af4400b9af4800bfaf12400000f6
:106b44004c00a8af104000005000a8af00680440fb
:106b540000600540019d023c2889422409f8400058
:106b6400000000005000a88f110000014c00a88f05
:106b7400130000010400a18f0800a28f0c00a38f52
:106b84001000a48f1400a58f1800a68f1c00a78fd7
:106b94002000a88f2400a98f2800aa8f2c00ab8f77
:106ba4003000ac8f3400ad8f3800ae8f3c00af8f17
:106bb4004000b88f4400b98f4800bf8f5800bd27ec
:086bc400c000000018000042af
:020000040000fa
:020000041d00dd
:106bcc0070ffbd278400b2af8000b1af7c00b0afc6
:106bdc002588a000258080002590c0002528000075
:106bec004c0006242400a4278800b3af8c00bfaf50
:106bfc005e21400f2598e000ffff02241000a2af99
:106c0c0002010224020000161400a2af7000b0278b
:106c1c001800b0af1c00b1af02002012251000000c
:106c2c00ffff22260c0021062000a2af0080023cb0
:106c3c004f0003240c7643acffff02248c00bf8f63
:106c4c008800b38f8400b28f8000b18f7c00b08f2e
:106c5c000800e0039000bd2701002056000000a2b0
:106c6c0025306002252840021000a4272800b0af70
:106c7c00cc20400f2400b0aff1ff00108c00bf8f70
:020000040000fa
:020000041d00dd
:106c8c00e0ffbd271c00bfaf1800b2af1400b1afbe
:106c9c001000b0af86bf023c9008528c86bf023cfd
:106cac008008428c2490420286bf023c2008428c11
:106cbc0081bf023c0040033c740043ac0100102433
:106ccc000180113c7c8a312640181000211870007c
:106cdc0080180300211871000000648c0400628c81
:106cec000d0040100f0082300100032404184300f3
:106cfc002418720008006010401010002118500079
:106d0c0080180300211871000800658c0400628c47
:106d1c0009f84000000000000100102604000224c5
:106d2c00e9ff02161c00bf8f1800b28f1400b18f40
:0c6d3c001000b08f0800e0032000bd270d
:020000040000fa
:020000041d00dd
:106d4800b8ffbd274400bfaf4000b5af3c00b4afab
:106d58003800b3af3400b2af3000b1af2c00b0afe1
:106d68005c00b58f6000b08f1a0000122000a0af41
:106d78001800a01225a0e0002598c0002590a000ca
:106d88002588800060000624252800005e21400f29
:106d980025200002300015ae020002245f0002a286
:106da8001c00a0af1800b0af2000a2271400a2afab
:106db8005800a28f1000a2af25388002253060024b
:106dc800252840021817400f25202002a912400f3d
:106dd800252000022000a28f4400bf8f4000b58ffd
:106de8003c00b48f3800b38f3400b28f3000b18fbd
:0c6df8002c00b08f0800e0034800bd270d
:020000040000fa
:020000041d00dd
:106e040000800340c011637c01000724290067143b
:106e140001800240402e437c0010804000188040d6
:106e24000028804000308040252000000080043c81
:106e34000000834000508440c00000000200004273
:106e440000408420ffff6320f9ff6014000000006d
:106e5400c0bf043c7806843400308440c0bf053c85
:106e64007006a524c0bf063cd006c6242538000001
:106e74001000a610ff01093c00e0293500288940d4
:106e8400000087400000a88c0400a98c0800aa8c8c
:106e94000010894000188a4000508840c00000005b
:106ea400020000420c00a5200100e720f0ff0010c2
:0c6eb400000000000800e00300000000e7
:020000040000fa
:020000041d00dd
:106ec0000000a28c0400a38cc0ffbd273800b3af24
:106ed0003400b2af3000b1af2c00b0af3c00bfaf58
:106ee000258880002580a0000800b28c2000a2af79
:106ef000030060040c00b38c4408027c2000a2afa5
:106f00002000a2271800a2af0a0002241400a2af9a
:106f10001000b2af0400c78c0000c68ceb15400f08
:106f2000252000021000068e2000a38f2538400285
:106f3000ffffc6241000a3af2330c2002128620245
:106f4000e818400f252020020400238e0001633042
:106f5000040060103c00bf8f0400038e2a20430011
:106f60000b1064003800b38f3400b28f3000b18f43
:0c6f70002c00b08f0800e0034000bd279b
:020000040000fa
:020000041d00dd
:106f7c0080bf023c300040ac99aa033c55666324a8
:106f8c00300043ac6655033caa996334300043ace3
:106f9c0080bf033c0000648c0463047c000064ac80
:106fac0080bf043c01100524400085ac80bf043c2c
:106fbc0003000524500085ac80bf053cff01043c58
:106fcc00ff0184246000a4ac80bf043cfe010524b6
:106fdc00700085ac80bf053c1f30043c1f3f8424ef
:106fec008000a4ac80bf053c8310043c01008424c9
:106ffc009000a4ac80bf043c5000053ca00085acc4
:10700c000000648c010005240463a47c000064acc3
:10701c003333033c33336324300043ac0800e003c8
:04702c000000000060
:020000040000fa
:020000041d00dd
:10703000f8ffbd270800acf70c00a38f0055627c59
:1070400033044428150080100800a0d700108044a5
:107050000010e044326022461000014500000000ac
:10706000019d043c0f006104788984d401602446aa
:107070000000244601002c46ff0342280e00401069
:107080000800a1d70000a0f714006004019d023c95
:107090000800a0af0c00a0af0800a0d70800e003d4
:1070a0000800bd270800a1d700002446010024469f
:1070b000f1ff0010010021463c1120464008204607
:1070c000f5ff04450800a1f7019d023c808940d4ea
:1070d00001082046f0ff00100800a0f7fdff001097
:0470e000708940d49f
:020000040000fa
:020000041d00dd
:1070e400e0ffbd271c00bfaf1800b2af1400b1af62
:1070f4001000b0af259080004720400f2588a000e5
:107104007c80848f0000228effff0324090043103b
:10711400258000000400438e6880858f0000468e21
:107124000d00c5102b2883000b00a01401001024af
:10713400000020ae541f400f000000002510000284
:107144001c00bf8f1800b28f1400b18f1000b08fd5
:107154000800e0032000bd27232883002b28a20079
:107164000700a0102310440021104300000022aea9
:107174006d22400f25204002eeff00102580000004
:0c718400000020aeebff00100100102402
:020000040000fa
:020000041d00dd
:10719000756c033cc8ffbd27286e63241800a3af9d
:1071a0006c2903242800b2af2000b0af3400bfaf79
:1071b0003000b4af2c00b3af2400b1af25908000f5
:1071c0002510e0001c00a3a71e00a0a30200c01011
:1071d0001800b0272580c0000400b18c0800b38cd3
:1071e000030040140000b48c3c21400f2520000215
:1071f000020020062b1822020b1023021000b4af4d
:10720000253860022528000225204002e818400f9a
:10721000253040003400bf8f3000b48f2c00b38f76
:107220002800b28f2400b18f2000b08f0800e00347
:047230003800bd273e
:020000040000fa
:020000041d00dd
:10723400e0ffbd271c00bfaf1800b2af1400b1af10
:107244001000b0af16008010258000001900a400c3
:10725400101000001200401402108570b8ff432c77
:107264000f0060102588a000259080003a11400f7f
:10727400480044240a00401025804000460040a0f5
:10728400480042240a101102000002ae3c0012ae73
:10729400400011ae010005240400400f2520000227
:1072a400251000021c00bf8f1800b28f1400b18f8c
:0c72b4001000b08f0800e0032000bd2790
:020000040000fa
:020000041d00dd
:1072c000e0ffbd271c00bfaf1800b2af1400b1af84
:1072d0001000b0af258080002588a0004720400f17
:1072e0002590c000440002922014027cffff03247a
:1072f00001004350440000a2450002922014027c89
:10730000ffff032401004350450000a2541f400f1b
:10731000000000003800028e0400401425304002b6
:1073200025282002d21e400f240004262718400fd3
:10733000252000021c00bf8f1800b28f1400b18fef
:0c7340001000b08f0800e0032000bd2703
:020000040000fa
:020000041d00dd
:10734c00e0ffbd271c00bfaf1800b1af1400b0aff9
:10735c008c22400f25888000258040009480828fed
:10736c002b10020217004010a480828f0000438c67
:10737c0009006010a080838f0c00428cffff052455
:10738c00001e400f0000448ca480828f0000438cb0
:10739c00f9ff6014a080838fa48083afa08082af9c
:1073ac0001000224000022ae948090af2510000250
:1073bc001c00bf8f1800b18f1400b08f0800e003c1
:0c73cc002000bd27f8ff0010000020aedc
:020000040000fa
:020000041d00dd
:1073d8000c00a7af0c00a38f0800a6af25108000f3
:1073e80002450300ff0705310e00a0140800a48f12
:1073f800019d033c00088644e08760d40008e74408
:1074080000080524020820460000064400006744de
:107418002520c0000055e67c0200c0102518e000b9
:10742800c1ffc524c2370400401803002518c30053
:1074380040200400000044ac00a0637c2000043c11
:1074480025188300ccfba52400080831040043acb0
:0c745800080045ac0800e0030c0048ac44
:020000040000fa
:020000041d00dd
:107464000004c2281300401402fcc328019d023cfe
:10747400208a40d401fcc22400044328060060147e
:10748400026320460263204602f8c2240004442812
:10749400ff0303240a10640025200000ff03422494
:1074a40000008444002d02000000e5440800e003cd
:1074b40002602046f8ff60102510c000019d033cc7
:1074c400288a60d4c903c22402fc4328f2ff601056
:1074d400026320469207c22402fc442802fc0324cf
:0c74e40002632046ecff00100b10640057
:020000040000fa
:020000041d00dd
:1074f00082bf023c08000324002a43ac82bf023c46
:1075000000940334182a43ac82bf023cd800032401
:10751000402a43ac81bf023c0010033c140143ac41
:107520000020033c140143ac0040033c140143ac75
:107530000180033c488a6224180040ac1c0040ac27
:10754000200040ac2c0040a0240040ac488a60ac35
:10755000040040ac080040ac140040a00c0040ac5b
:10756000300040ac82bf023c00800334082a43aca8
:087570000800e0030000000028
:020000040000fa
:020000041d00dd
:1075780086bf023c9002458c86bf023c8002468c46
:1075880086bf023c2002428c81bf023c0001033cc2
:10759800740043ac0180033c7c8a648c7c8a63243d
:1075a8000400628c110040100f0083300100022497
:1075b800041062002418a600241043000b00401099
:1075c8000180023ce8ffbd271400bfaf7c8a42243b
:1075d8000800458c0400428c09f8400000000000b7
:1075e8001400bf8f0800e0031800bd270800e0035f
:0475f800000000008f
:020000040000fa
:020000041d00dd
:1075fc00e8ffbd271400bfaf1000b0af080080102b
:10760c00258000000600e0102580e0000900c01075
:10761c00000000000b00a0140100022425800000d3
:10762c00251000021400bf8f1000b08f0800e0037b
:10763c001800bd270c00a01001000224f8ff001058
:10764c002580c0004600e2a0000006ae3c0004ae5f
:10765c00400005ae010005240400400f2520000267
:10766c00f0ff0010251000024600e2a0f6ff00100b
:04767c002530e000d5
:020000040000fa
:020000041d00dd
:10768000d8ffbd272400bfaf2000b1af4720400f77
:107690001c00b0af9c80828f130040140180113c0d
:1076a000e021400f248b24260180103ce021400f74
:1076b000108b0426248b3126a48091af108b1026ca
:1076c000a08090af1000a0af0180073c008ae724a3
:1076d0000180063c1086c624100005247f1d400f43
:1076e000140004249c8082af541f400f000000004f
:1076f0002400bf8f2000b18f1c00b08f0800e00372
:047700002800bd2779
:020000040000fa
:020000041d00dd
:10770400e0ffbd271c00bfaf1800b1af1400b0af3d
:107714008480828f150040100180103cc08a10269e
:107724004720400f000000000c00028e0c00518c1a
:107734008d20400f040024268080828fffff422486
:10774400808082af8480828fffff4224848082af56
:10775400541f400f000000000820400f2520200285
:107764008480828feeff4014000000001c00bf8f55
:107774001800b18f1400b08f0800e0032000bd276b
:020000040000fa
:020000041d00dd
:1077840081bf023c00800334081043ac0180023cfa
:10779400dc874224010004240180033c5c886324c8
:1077a400000040a0080040ac0c0040ac040044ac15
:1077b40010004224faff43140000000081bf023c81
:1077c40000800334001043ac81bf023c601040ac25
:1077d40081bf023c10be0334701043ac81bf023c35
:1077e4000b00033c801043ac81bf023c40000324e7
:0c77f400080143ac0800e00300000000a6
:020000040000fa
:020000041d00dd
:10780000e0ffbd271c00bfaf1800b2af1400b1af3e
:107810001000b0af258880002590a000a480828f42
:107820000c00428c0c00508c8d20400f040004266c
:1078300024000292040043300d0060102530400205
:10784000252820026400400f252000022000028e1f
:1078500009f84000252000021c00bf8f1800b28fdd
:107860001400b18f1000b08f0800e0032000bd2786
:0c7870000400027cf5ff0010240002a2be
:020000040000fa
:020000041d00dd
:10787c00c8ffbd273400bfafa01d400f00000000a3
:10788c009c80838f16006010251000002400a0af90
:10789c002000a0af2800a6272000a527be21400f5e
:1078ac002400a4272400a28f1800a2af2000a28fce
:1078bc001400a2af060002241000a2af253800006d
:1078cc002800a697019d053c508aa524009d043ce8
:1078dc00521b400fec398424988082af2b1002008d
:0c78ec003400bf8f0800e0033800bd2707
:020000040000fa
:020000041d00dd
:1078f8000800e003000000002518e003009d043c98
:10790800382d842416008010000000000000858cab
:107918001300a010040084240000868c0400842432
:1079280000008b8404008424019d0c3cc8898c25ac
:1079380080580b0021606c0100008c8d09f88001d3
:10794800000000002520400003008424fcff0624da
:107958002420c4000000858cecffa0140000000067
:0c79680025f860000800e00300000000ab
:020000040000fa
:020000041d00dd
:1079740020000524000082800d004510f7ff4324f9
:107984000500632c0a0060142b0003240a00431032
:107994002d000324030043142528000001000524be
:1079a4000100842425100000070000100a000724a9
:1079b400f0ff001001008424f9ff001025280000c6
:1079c400010084242310430000008380d0ff63243b
:1079d4000a00662cfaffc054021047700100a05040
:0c79e400231002000800e0030000000077
:020000040000fa
:020000041d00dd
:1079f000e8ffbd271400bfaf00606241c000000077
:107a0000df1b400f000000008ebf023c0000448cd2
:107a1000030003240429647c000044ac0000448c6f
:107a20000410647c000044ac80bf023c0000448c25
:107a30000429647c000044acd016400f0000000014
:107a4000e11d400f000000003c1d400f0000000041
:107a50001521400f00000000206062411400bf8f1c
:087a60000800e0031800bd2737
:020000040000fa
:020000041d00dd
:107a6800e0ffbd271c00bfaf1800b1af1400b0afd6
:107a780001001124019d103c60871026ac80828f84
:107a880010004014ffff0524b00f400fa880848f1a
:107a98000c00511400000000ed1e400f25200002cc
:107aa8002530000025282002f614400f252000006c
:107ab8002538000025300000252800003012400f2e
:107ac800a880848f1d20400fe8030424ecff0010d9
:047ad800ac80828f6d
:020000040000fa
:020000041d00dd
:10011000e8ffbd271400bfaf040085ac2b10c5005d
:100120000d004014100084ac2330c7001800878ce9
:100130002b30c7000500c0100100022404008524f4
:10014000b21f400fa080848f251000001400bf8fc5
:100150000800e0031800bd272b30c7000300c010c3
:100160002b28a700f9ffa010010002240400852419
:10017000b21f400fa480848ff4ff001025100000f0
:020000040000fa
:020000041d00dd
:10019000e0ffbd271c00bfaf1800b2af1400b1af25
:1001a0001000b0af258080002588a0002590c000f9
:1001b0001800058e2538200225304002212825020e
:1001c0004400400f25200002060040141c00bf8f91
:1001d0001800b28f1400b18f1000b08f0800e00338
:1001e0002000bd271800028e218822022000028ee6
:1001f00009f8400025200002eeff00101800058ecf
:020000040000fa
:020000041d00dd
:107adc0084bf023c000040ac84bf023c00004494d4
:107aec00010003240429647c000044a484bf043cea
:107afc00d3300524200085ac81bf043c5001858c1b
:107b0c008420657c500185ac81bf043c4000858c91
:107b1c000421057c400085ac81bf043cc000858cf1
:107b2c000421657cc00085ac00004494c47b647c5b
:0c7b3c00000044a40800e003000000006a
:020000040000fa
:020000041d00dd
:107b4800e8ffbd271400bfaf0400828c9080838fac
:107b58001c0062ac9080838f0800478c200067acc3
:107b68009080838f180063240400e3ac9080838f97
:107b780018006324080043ac9080828f280044ac2e
:107b88000000828c01004224000082acffff022426
:107b98000a10a6002528c0003a16400f25204000ec
:0c7ba8001400bf8f0800e0031800bd2788
:020000040000fa
:020000041d00dd
:107bb400e0ffbd271c00bfaf1800b0af2528800030
:107bc4000180103c6821400f608804263c21400f4e
:107bd40060880426252840009a21400f60880426e6
:107be4003c21400f60880426010003241400a3af45
:107bf4001000a3af82bf073c202ae72425304000b1
:107c040060880526a517400f252000001c00bf8fa3
:0c7c14001800b08f0800e0032000bd271e
:020000040000fa
:020000041d00dd
:107c2000200003240b20a5000b180500022c0400e3
:107c30000400a014021205001000633425288000ff
:107c400002120500040040140221020008006334ff
:107c50002510a000022102000400805482100400bc
:107c600004006334252040008210040004004054c6
:107c7000421002000200633425108000421002000e
:0c7c8000010042380800e003251043001a
:020000040000fa
:020000041d00dd
:107c8c00010002241500821402000724d8ffbd272e
:107c9c002400bfaf1800a0af1800a2271400a2af99
:107cac001000a0af2530000025280000170f400f52
:107cbc00b080848f1800a28f060040102400bf8f64
:107ccc00006802400001423400688240c00000009d
:107cdc002400bf8f0800e0032800bd270800e00344
:047cec000000000094
:020000040000fa
:020000041d00dd
:107cf000f8ffbd270400bfafadde023cefbe42344b
:107d0000f8ff82ac3412023c78564224f4ff82ac75
:107d100000680240f0ff82ac0025023c03004224d0
:107d2000ecff82ace8ff85ace4ff80ac019d023c37
:107d30001c874224c8ff82ac8cff86ac50ff80ac0d
:107d400050ff82240400bf8f0800e0030800bd2715
:020000040000fa
:020000041d00dd
:107d5000f8ffbd270400bfaf7480828f120040502f
:107d60000400bf8f9080828f4400428c0e00401030
:107d70000400bf8f9080838f4400628cffff4224f9
:107d8000440062ac9080828f4400428c0600401414
:107d90000400bf8f006002408482027c0060824049
:107da000c00000000400bf8f0800e0030800bd27ea
:020000040000fa
:020000041d00dd
:107db0001000828ce0ffbd271800b1af2b88c200f5
:107dc0000a3051001c00bfaf0c00c0101400b0af4f
:107dd000258080001400848c4821400f2588c00035
:107de0001400028e1000068e211051002388d1004d
:107df000140002ae100011ae000040a01c00bf8fa6
:107e00001800b18f1400b08f0800e0032000bd27d8
:020000040000fa
:020000041d00dd
:107e1000e8ffbd271400bfaf0200022481bf033c6e
:107e2000440062ac81bf033c001c0424440164ace8
:107e300081bf033c00040424480164ac81bf033cbf
:107e4000c40062ac81bf033cc80062acb71e400fe7
:107e5000000000009080828f0000428ce617400fe7
:0c7e6000548082afc721400f00000000da
:020000040000fa
:020000041d00dd
:107e6c00e0ffbd271800b1af1400b0af009d113c6e
:107e7c00009d103c1c00bfaf680d1026680d31260c
:107e8c002b10300208004014fcff10269a22400fe1
:107e9c00000000001c00bf8f1800b18f1400b08fc1
:107eac000800e0032000bd270000028e09f8400006
:0c7ebc0000000000f3ff00102b1030024b
:020000040000fa
:020000041d00dd
:107ec8000000a68cffff02240c00c21408008224c4
:107ed8001000828c0400438c0400a3ac080065ac3d
:107ee8000800a2ac040045ac1000a4ac0000828cd1
:107ef800010042240800e003000082ac0400478c23
:107f08000000e38c2b18c300f3ff60540400438c7b
:087f1800faff00102510e00043
:020000040000fa
:020000041d00dd
:107f2000019d063c251000005889c6244018020017
:107f300021186600000067800300e0540000858c73
:107f40000800e00301006290010042240000a880c4
:107f500004000715ff004230010062900100a524d3
:107f6000000085ac0b00432cf1ff601440180200a8
:087f70000800e003000000001e
:020000040000fa
:020000041d00dd
:107f7800e8ffbd271400bfaff920400f1000b0afd5
:107f88003610400f2580400005004010000000001a
:107f9800006802400001423400688240c0000000ce
:107fa80000609040c000000081bf023c1000032424
:107fb800440043ac1400bf8f1000b08f0800e003ea
:047fc8001800bd27b9
:020000040000fa
:020000041d00dd
:107fcc004000868c1100c01025108000e8ffbd27f2
:107fdc001400bfaf0c00838c211866000c0083ac1e
:107fec000800848c2b186400030060142520a0006a
:107ffc000000438c0c0043ac4821400f0c00458c16
:10800c001400bf8f0800e0031800bd270800e00330
:04801c000000000060
:020000040000fa
:020000041d00dd
:10802000e8ffbd271400bfaf1000b0af5f00829023
:1080300009004014258080006719400f3000848caf
:108040006719400f252000021400bf8f1000b08f69
:108050000800e0031800bd2701000324fbff435480
:108060001400bf8f6719400f00000000f7ff0010d9
:048070001400bf8faa
:020000040000fa
:020000041d00dd
:10807400e8ffbd271400bfaf0a0080101000b0afa6
:108084006822400f25808000252800003a16400f02
:1080940025200002b611400f000000000600401425
:1080a4001400bf8f0068024000014234006882401f
:1080b400c00000001400bf8f1000b08f0800e00360
:0480c4001800bd27bc
:020000040000fa
:020000041d00dd
:1080c8000000043ce8ffbd27000084240300801062
:1080d8001400bfaf09f880000000000000008430e1
:1080e8000000a530009d083ca062082509f80001a1
:1080f800000000000000023c000042240300401081
:108108000000000009f8400000000000f9ff00101e
:048118000000000063
:020000040000fa
:020000041d00dd
:10811c00f8ffbd270400bfaf006002408482027ce0
:10812c00000c423400608240c00000007480828fda
:10813c00070040100400bf8f9080838f4400628c36
:10814c0001004224440062ac9080828f0400bf8ff7
:08815c000800e0030800bd2744
:020000040000fa
:020000041d00dd
:108164008000a3280e006014251000008200a328bc
:1081740003006014830003240900a314000000001a
:108184000000c28c070042240410027c080043242f
:108194000000c3ac000040d401000224000080f4bd
:0881a4000800e00300000000e8
:020000040000fa
:020000041d00dd
:1081ac0063616e6e6f7420637265617465207461b7
:1081bc00736b20666f72207374617465206d6163dc
:1081cc0068696e65202e2e2e0d0a00007374617482
:1081dc0065206d616368696e65206f66206c6162f5
:0481ec002031370007
:020000040000fa
:020000041d00dd
:1081f00000606041c000000099aa033c80bf023cbf
:1082000055666324300040ac300043ac6655033cf7
:10821000aa996334300043ac80bf023c01000324c0
:10822000581243ac80bf023c5012428c7e20400b5f
:04823000000000004a
:020000040000fa
:020000041d00dd
:108234001000838c0400858c0800828c0800a2ac9a
:108244000400858c040045ac0400628c0400445492
:10825400100080ac0800828c040062ac100080ac7a
:108264000000628cffff42240800e003000062acbf
:020000040000fa
:020000041d00dd
:108274000d00801000000000e8ffbd271400bfaf10
:10828400080080ac000080ac0c0080ac25380000f5
:10829400253000003012400f252800001400bf8f45
:1082a4000800e0031800bd270800e00300000000f8
:020000040000fa
:020000041d00dd
:1082b400e8ffbd271400bfaf1000b0af0180103c31
:1082c400c11d400f000000005087028e0200422ca6
:1082d400fbff40140000000000680240000142342b
:1082e40000688240c0000000f5ff0010000000009c
:020000040000fa
:020000041d00dd
:1082f400e8ffbd271400bfaf1000b0af25308000e9
:10830400252800008d1c400f010004242580400016
:108314009d20400f25204000251000021400bf8f2f
:0c8324001000b08f0800e0031800bd2717
:020000040000fa
:020000041d00dd
:10833000e0ffbd271800b0af1000a6af2580800079
:108340001c00bfafe509400f1000a6270400038ef4
:108350001c00bf8fffff0424100063300b1083004c
:0c8360001800b08f0800e0032000bd27cb
:020000040000fa
:020000041d00dd
:10836c000800c0102510800020000324231866008c
:10837c000600601c0620c500252000000610c50064
:10838c00252880000800e0032518a0000610c20074
:10839c0004286500faff0010251045000800c010e5
:1083ac002510800020000424232086000600805c19
:1083bc000418c200251800000428c2002510600013
:1083cc000800e0032518a0000428c5000610820050
:0883dc00faff00102528a200a1
:020000040000fa
:020000041d00dd
:1083e400f8ffbd270400bfaf00606241c000000079
:1083f40000600240251840008482037c010c633431
:1084040000608340c0000000010042340400bf8fbc
:088414000800e0030800bd2789
:020000040000fa
:020000041d00dd
:10841c00e8ffbd271400bfaf1000b0af2580a0004f
:10842c009080858fb21f400f1800a52401000524f1
:10843c003a16400f252000021400bf8f1000b08f99
:08844c000800e0031800bd2741
:020000040000fa
:020000041d00dd
:1084540081bf023c00100324080043ac81bf023cee
:1084640004000324280343ac0400023c81bf033c02
:10847400380362ac81bf033c580362ac0800e003dc
:0484840000000000f4
:020000040000fa
:020000041d00dd
:10848800e8ffbd271400bfaf1000b0af4720400f72
:10849800258080003800108e541f400f0000000017
:1084a8000100022e1400bf8f1000b08f0800e003f7
:0484b8001800bd27c4
:020000040000fa
:020000041d00dd
:1084bc008c80828f0000428c04004014ffff022449
:1084cc00608082af0800e003000000008c80828f87
:1084dc000c00428c0000428c608082af0800e003ec
:0484ec00000000008c
:020000040000fa
:020000041d00dd
:1084f000000082800800401000000000251080006d
:108500000100422400004380feff60540100422429
:108510000800e003231044000800e00325100000d9
:020000040000fa
:020000041d00dd
:108520000800c0102510800021308600251880002a
:108530000100a524ffffa79001006324fcff66143f
:0c854000ffff67a00800e003000000003f
:020000040000fa
:020000041d00dd
:10854c00e8ffbd271800a4af1400bfaf9a22400f5c
:10855c00000000009b1f400f000000009a22400ffb
:0c856c00000000007b22400f1800a48fcc
:020000040000fa
:020000041d00dd
:108578000700c01025108000202c057c21308600c3
:108588002518800001006324feff6614ffff65a024
:088598000800e00300000000f0
:020000040000fa
:020000041d00dd
:1085a000e0ffbd272800a6af2800a6271c00bfaf0c
:1085b0002c00a7af7221400f1000a6af1c00bf8f88
:0885c0000800e0032000bd27c4
:020000040000fa
:020000041d00dd
:1085c8002538c0002530a000ff7f053ce8ffbd2707
:1085d8001400bfaff31a400fffffa5341400bf8f7c
:0885e8000800e0031800bd27a4
:020000040000fa
:020000041d00dd
:1085f000000000000000f03f000000000000e03f2d
:108600000000000000005043000000000000b03fe8
:08861000000000000000204002
:020000040000fa
:020000041d00dd
:10861800e8ffbd271000b0af1400bfaf9021400f96
:10862800258080001400bf8f251000021000b08f35
:088638000800e0031800bd2753
:020000040000fa
:020000041d00dd
:1086400002000010251080002510c0000100a524a4
:10865000ffffa38001004624fbff6014ffffc3a0bf
:088660000800e0030000000027
:020000040000fa
:020000041d00dd
:10866800e8ffbd271400bfaf009d023c64154224fb
:1086780009f84000000000001400bf8f0800e00364
:048688001800bd27f2
:020000040000fa
:020000041d00dd
:10868c00f8ffbd270400bfaf006002408482027c6b
:10869c00000c423400608240c0000000ffff00105c
:0486ac0000000000ca
:020000040000fa
:020000041d00dd
:1086b000f8ffbd270400bfaf006002408482027c47
:1086c000000c423400608240c0000000ffff001038
:0486d00000000000a6
:020000040000fa
:020000041d00dd
:1086d4000180023c40894224000082ac0080023cbc
:1086e400107e42240000a2ac000102240800e00332
:0486f4000000c2a41c
:020000040000fa
:020000041d00dd
:1086f8000180023ce0884224000082ac0080023cf9
:108708000c6e42240000a2ac000202240800e00320
:048718000000c2acef
:020000040000fa
:020000041d00dd
:10871c00f8ffbd270400bfaf006002408482027cda
:10872c00000c423400608240c0000000ffff0010cb
:04873c000000000039
:020000040000fa
:020000041d00dd
:10874000002104000180023cdc87422421208200b9
:10875000080085ac0c0086ac0800e00300000000b7
:020000040000fa
:020000041d00dd
:108760006c6162203137202d205461736b204e6f75
:1087700074696669636174696f6e200d0a20000078
:020000040000fa
:020000041d00dd
:1087800008008224040082acffff0324080083acad
:108790000c0082ac100082ac0800e003000080ac4a
:020000040000fa
:020000041d00dd
:1087a0009080828f04004010000000004c00438c39
:1087b000010063244c0043ac0800e003000000000b
:020000040000fa
:020000041d00dd
:1087c000000000000000f03f000000000000244016
:1087d00000000000000050430000000000001440b2
:1087e000000000000000e043000000000000e0c3c3
:1087f000000000f0ffff1f34000000000000f00741
:020000040000fa
:020000041d00dd
:1088000000008c90ffffc624010084240000aca06f
:10881000fbffc0140100a5240800e0032510800020
:020000040000fa
:020000041d00dd
:10882000e8ffbd271400bfaf5e1d400f0000000031
:0c8830001400bf8f0800e0031800bd27f3
:020000040000fa
:020000041d00dd
:10883c00e8ffbd271400bfaf231b400f0000000052
:0c884c001400bf8f0800e0031800bd27d7
:020000040000fa
:020000041d00dd
:10885800e8ffbd271400bfaf4915400f0000000016
:0c8868001400bf8f0800e0031800bd27bb
:020000040000fa
:020000041d00dd
:10887400f8ffbd270400bfaf00608440c0000000c3
:0c8884000400bf8f0800e0030800bd27bf
:020000040000fa
:020000041d00dd
:10889000bfff83241a00632c0200601025108000a3
:0c88a000200082340800e003000000000b
:020000040000fa
:020000041d00dd
:1088ac009fff83241a00632c0200601025108000a7
:0c88bc005f0082300800e00300000000b4
:020000040000fa
:020000041d00dd
:1088c8000000200201020006000000000b08000062
:0888d800010000000000000097
:020000040000fa
:020000041d00dd
:1088e000f8ffbd270400bfaf0068024000700240df
:0888f000ffff00100000000072
:020000040000fa
:020000041d00dd
:1088f800f8ffbd270400bfaf0068024000700240c7
:08890800ffff00100000000059
:020000040000fa
:020000041d00dd
:10891000f8ffbd270400bfaf0068024000700240ae
:08892000ffff00100000000041
:020000040000fa
:020000041d00dd
:10892800f8ffbd270400bfaf006802400070024096
:08893800ffff00100000000029
:020000040000fa
:020000041d00dd
:1089400000601a40bfff1b3cffff7b3724d05b0356
:0889500000609a40180000428b
:020000040000fa
:020000041d00dd
:1089580068076c094c836a9074a07ac000806888a4
:0889680000846c820081000014
:020000040000fa
:020000041d00dd
:10897000000000000000f0bf0000000000003043d5
:08898000000000000000f03fc0
:020000040000fa
:020000041d00dd
:10898800ffffc6240000a0a0fdffc0140100a5241d
:088998000800e0032510800037
:020000040000fa
:020000041d00dd
:1089a0005880828f01004224588082af0800e00383
:0489b00000000000c3
:020000040000fa
:020000041d00dd
:1089b4006880828f000082ac7c80828f0800e00394
:0489c400040082ac7d
:020000040000fa
:020000041d00dd
:1089c8008889009d0088009df878009df878009db2
:0489d800f878009d8e
:020000040000fa
:020000041d00dd
:1089dc00010002246c8082af0800e003000000005c
:020000040000fa
:020000041d00dd
:1089ec00e8ffbd271400bfaf9c22400f0000000021
:020000040000fa
:020000041d00dd
:1089fc00494e4600696e66004e414e006e616e0037
:108a0c00494e4600696e66004e414e006e616e0026
:020000040000fa
:020000041d00dd
:108a2000000000000000e07f000000000000600384
:020000040000fa
:020000041d00dd
:0c8a30007c80828f0800e0030000000042
:020000040000fa
:020000041d00dd
:0c8a3c00286e696c290000002500000075
:020000040000fa
:020000041d00dd
:088a48000800e003100080acff
:020000040000fa
:020000041d00dd
:088a5000546d7220537663009f
:020000040000fa
:020000041d00dd
:088a58000800e003000000002b
:020000040000fa
:020000041d00dd
:088a60000800e0030000000023
:020000040000fa
:020000041d00dd
:088a68000800e003000000001b
:020000040000fa
:020000041d00dd
:088a7000ffff001000000000f0
:020000040000fa
:020000041d00dd
:048a1c00f07d008069
:00000001FF
