:020000040000fa
:020000041fc01b
:100000000300001000000000f0f3060000000000f4
:100010000600f00f0000000000601a40c0045a7f84
:100020000500401300000000019d1a3cc0a45a279f
:10003000080040030000000008801d3cf0ffbd27c1
:1000400000801c3cf07f9c27026009402058200162
:1000500007000a248449497d02608940c0000000ed
:1000600000e0dc41ffff4a25faff401500000000d8
:1000700002608b40c0000000019d083c88a5082557
:1000800009f8000100000000009d083cb87e08252a
:1000900009f8000100000000c0bf083c70050825f9
:1000a00009f8000100000000019d083c8890082527
:1000b00009f800010000000081bf093c00000a3c73
:1000c0009c284a25e0072aad0000093c00002925ac
:1000d000010020110000000000488040ffff0a24ba
:1000e00000588a404000083c00600a4025500a0140
:1000f00000608a40009d093c00002925c0000000e6
:10010000017889400000093c0100292500000a24eb
:1001100044492a7d01608a408000093c006889408a
:10012000008008408005097d404c090000600840bf
:100130005800013c2440010100010a3c25404801cf
:1001400000240a3c254048012540280100608840e1
:1001500000010a3c00f8ca44c0000000019d083cb0
:1001600090a5082509f80001000000000060084083
:10017000bfff013cffff21342440010100608840a3
:10018000000084300000a530019d083c009908253e
:0801900008000001000000005e
:020000040000fa
:020000041fc01b
:10038000019d1a3c78a45a27080040030000000091
:020000040000fa
:020000041fc01b
:1004b0000080094000000a2400000b2400000d24e5
:1004c00000000e240080013c244021012500001181
:1004d00001800940000000003800013c2440210157
:1004e000c24408000f0000110000000001000825b0
:1004f0000700013c2460210102640c0001008c25ee
:100500002550800101000b2404580b0104500a01fe
:10051000c001013c24402101824508000600082555
:1005200004500a01001c2831824208000d0000110d
:10053000000000000100082580032f31c2790f0060
:100540000100ef252568e00101000e2404700e0172
:1005500004680d0100e02831424308000600082528
:1005600004680d010800e003000000000000000026
:100570000080084007000924244828010200293986
:1005800004002011000000000800e003000000004b
:10059000000000002518e003c5ff11040000000062
:1005a00000600840feff0924244828010400293582
:1005b00000608940c000000000d0804000e0804022
:1005c000c0000000009d043c000084240100801451
:1005d000009d043c0400401121288a0021208b004a
:1005e000feff8514fcff88bc0080043c00008424ce
:1005f000010080140080043c0400a01121288d001b
:1006000021208e00feff8514fcff89bc0f00000036
:100610000080013c04002aac0080013c10002dac9d
:100620000080013c08002bac0080013c14002eac83
:100630000080013c0c002cac0080013c18002fac69
:1006400000608840c0000000008009400700293594
:10065000070029390300293500808940c0000000c7
:1006600025f860000800e003000000000000000022
:020000040000fa
:020000041d00dd
:10000000009d1a3c247d5a27080040030000000090
:020000040000fa
:020000041d00dd
:10010000009d1a3c4c7c5a27080040030000000068
:020000040000fa
:020000041d00dd
:10018000009d1a3c987a5a2708004003000000009e
:020000040000fa
:020000041d00dd
:1002000000801a3c64005a2700005a8f02004013f5
:1002100060ffbd27f8febd2700601b402c00b6af75
:100220002800b5af9c00bbaf0000baaf84821b7c36
:1002300084941b7c000c7b3744201b7c20a81d0071
:10024000019d1d3ca8a5bd270000bd8f00801a3c64
:1002500000005a2701001624000056af0070164017
:1002600000609b407800bfae7400beae7000b9aeb7
:100270006c00b8ae6800afae6400aeae6000adae6c
:100280005c00acae5800abae5400aaae5000a9aeb4
:100290004c00a8ae4800a7ae4400a6ae4000a5aef4
:1002a0003c00a4ae3800a3ae3400a2ae3000b7ae1e
:1002b0009800b6ae2400b4ae2000b3ae1c00b2aebf
:1002c0001800b1ae1400b0ae1000a1ae10b82000fe
:1002d0008000b7ae12b820007c00b7ae10b8400066
:1002e0008800b7ae12b840008400b7ae10b8600006
:1002f0009000b7ae12b860008c00b7aeb8bcff7ffc
:100300009400b7ae10b800000c00b7ae12b80000f1
:100310000800b7ae0000b78e2300e0120000000016
:10032000a001bff69801bef69001bdf68801bcf6ab
:100330008001bbf67801baf67001b9f66801b8f62b
:100340006001b7f65801b6f65001b5f64801b4f6ab
:100350004001b3f63801b2f63001b1f62801b0f62b
:100360002001aff61801aef61001adf60801acf6ab
:100370000001abf6f800aaf6f000a9f6e800a8f62e
:10038000e000a7f6d800a6f6d000a5f6c800a4f6af
:10039000c000a3f6b800a2f6b000a1f6a800a0f62f
:1003a00000f85744a000b7ae0080173ca400f72621
:1003b0000000f78e0000f5ae00606041c000000054
:1003c000006017408482177c8494177c010cf636f9
:1003d00000609640c0000000006816400442167c91
:1003e00000689640c000000081bf163c4400d6263d
:1003f000020014240000d4ae5318400f0000000087
:1004000000609740c00000000080103ca40010264f
:100410000000108e0000158e0000b08e2300001228
:1004200000000000a000b08e00f8d044a800a0d6c4
:10043000b000a1d6b800a2d6c000a3d6c800a4d6ea
:10044000d000a5d6d800a6d6e000a7d6e800a8d64a
:10045000f000a9d6f800aad60001abd60801acd6a8
:100460001001add61801aed62001afd62801b0d606
:100470003001b1d63801b2d64001b3d64801b4d666
:100480005001b5d65801b6d66001b7d66801b8d6c6
:100490007001b9d67801bad68001bbd68801bcd626
:1004a0009001bdd69801bed6a001bfd68000b08e07
:1004b000110800027c00b08e130800028800b08e84
:1004c000111000028400b08e131000029000b08e54
:1004d000111800028c00b08e131800029400b08e28
:1004e000f8fc1f7e0800b08e130000020c00b08ed6
:1004f000110000021000a18e1400b08e1800b18e01
:100500001c00b28e2000b38e2400b48e2c00b68e58
:100510003000b78e3400a28e3800a38e3c00a48e2b
:100520004000a58e4400a68e4800a78e4c00a88ee1
:100530005000a98e5400aa8e5800ab8e5c00ac8e81
:100540006000ad8e6400ae8e6800af8e6c00b88e19
:100550007000b98e7400be8e7800bf8e006060415e
:10056000c000000000801a3c00005a27000040af85
:1005700020e815002800b58f0000ba8f00801b3cd2
:1005800064007b2700007aaf0600401300000000e3
:100590009c00bb8f9800ba8f0801bd270300001094
:1005a000000000009c00bb8f9800ba8fa000bd2700
:1005b00000609b4000709a40c0000000180000429c
:1005c0000000000000681a4060ffbd2700801b3c4f
:1005d00000007b2700007b8f0800601700000000f0
:1005e00000801b3c64007b2700007b8f02006013af
:1005f00000000000f8febd270000bbaf00601b40fc
:100600003000b7af2c00b6af2800b5af9c00bbaf31
:1006100082d21a0084825b7fc2d11a0084945b7fed
:1006200044201b7c20a81d0000801a3c00005a2793
:100630000000568f0400c01600000000019d1d3c04
:10064000a8a5bd270000bd8f0100d626000056af2b
:100650000070164000609b407800bfae7400beaed4
:100660007000b9ae6c00b8ae6800afae6400aeae5c
:100670006000adae5c00acae5800abae5400aaaeac
:100680005000a9ae4c00a8ae4800a7ae4400a6aeec
:100690004000a5ae3c00a4ae3800a3ae3400a2ae2c
:1006a0009800b6ae1000a1ae10b020008000b6ae2b
:1006b00012b020007c00b6ae10b040008800b6ae8c
:1006c00012b040008400b6ae10b060009000b6ae2c
:1006d00012b060008c00b6aeb8b4ff7f9400b6ae26
:1006e00010b000000c00b6ae12b000000800b6aeac
:1006f0000080163c0000d6260000d68effffd626ce
:100700002600c016000000000000b68e2300c012b4
:1007100000000000a001bff69801bef69001bdf6f2
:100720008801bcf68001bbf67801baf67001b9f613
:100730006801b8f66001b7f65801b6f65001b5f693
:100740004801b4f64001b3f63801b2f63001b1f613
:100750002801b0f62001aff61801aef61001adf693
:100760000801acf60001abf6f800aaf6f000a9f615
:10077000e800a8f6e000a7f6d800a6f6d000a5f697
:10078000c800a4f6c000a3f6b800a2f6b000a1f617
:10079000a800a0f600f85644a000b6ae0080163cb3
:1007a0000000d6260000d68effffd6260400c01615
:1007b000000000000080163c6800d6260000d5ae80
:1007c0001626400f000000000080163c0000d626d0
:1007d0000000d68effffd6262900c01600000000bc
:1007e0000080163c6800d6260000d58e0000b68e2c
:1007f0002300c01200000000a800a0d6b000a1d6bf
:10080000b800a2d6c000a3d6c800a4d6d000a5d6f2
:10081000d800a6d6e000a7d6e800a8d6f000a9d652
:10082000f800aad60001abd60801acd61001add6af
:100830001801aed62001afd62801b0d63001b1d60e
:100840003801b2d64001b3d64801b4d65001b5d66e
:100850005801b6d66001b7d66801b8d67001b9d6ce
:100860007801bad68001bbd68801bcd69001bdd62e
:100870009801bed6a001bfd6a000b68e00f8d6441f
:100880008000b68e1108c0027c00b68e1308c0022c
:100890008800b68e1110c0028400b68e1310c002fc
:1008a0009000b68e1118c0028c00b68e1318c002cc
:1008b0009400b68ef8fcdf7e0800b68e1300c002ee
:1008c0000c00b68e1100c0021000a18e3000b78e51
:1008d0002c00b68e3400a28e3800a38e3c00a48e6d
:1008e0004000a58e4400a68e4800a78e4c00a88e1e
:1008f0005000a98e5400aa8e5800ab8e5c00ac8ebe
:100900006000ad8e6400ae8e6800af8e6c00b88e55
:100910007000b98e7400be8e7800bf8e006060419a
:10092000c000000000801a3c00005a2700005b8fc6
:10093000ffff7b2700005baf0e0060170000000088
:1009400000801a3c64005a270000bb8e00005baf99
:1009500008006013000000009c00ba8e9800bb8e57
:1009600020e815002800b58f0801bd2705000010fc
:10097000000000009c00ba8e9800bb8e20e8150095
:100980002800b58fa000bd2700609a4000709b40f2
:10099000c0000000180000420000000000681a407b
:1009a00060ffbd2700801b3c00007b2700007b8f81
:1009b000080060170000000000801b3c64007b27db
:1009c00000007b8f0200601300000000f8febd27ce
:1009d0000000bbaf00601b403000b7af2c00b6afcb
:1009e0002800b5af9c00bbaf82d21a0084825b7f27
:1009f000c2d11a0084945b7f44201b7c20a81d0078
:100a000000801a3c00005a270000568f0400c016d0
:100a100000000000019d1d3ca8a5bd270000bd8f62
:100a20000100d626000056af0070164000609b40c3
:100a30007800bfae7400beae7000b9ae6c00b8ae48
:100a40006800afae6400aeae6000adae5c00acaeb0
:100a50005800abae5400aaae5000a9ae4c00a8aef0
:100a60004800a7ae4400a6ae4000a5ae3c00a4ae30
:100a70003800a3ae3400a2ae9800b6ae1000a1ae0e
:100a800010b020008000b6ae12b020007c00b6aee0
:100a900010b040008800b6ae12b040008400b6ae80
:100aa00010b060009000b6ae12b060008c00b6ae20
:100ab000b8b4ff7f9400b6ae10b000000c00b6ae24
:100ac00012b000000800b6ae0080163c0000d6262a
:100ad0000000d68effffd6262600c01600000000bc
:100ae0000000b68e2300c01200000000a001bff677
:100af0009801bef69001bdf68801bcf68001bbf6f8
:100b00007801baf67001b9f66801b8f66001b7f677
:100b10005801b6f65001b5f64801b4f64001b3f6f7
:100b20003801b2f63001b1f62801b0f62001aff677
:100b30001801aef61001adf60801acf60001abf6f7
:100b4000f800aaf6f000a9f6e800a8f6e000a7f67b
:100b5000d800a6f6d000a5f6c800a4f6c000a3f6fb
:100b6000b800a2f6b000a1f6a800a0f600f856441e
:100b7000a000b6ae0080163c0000d6260000d68e3f
:100b8000ffffd6260400c016000000000080163cbf
:100b90006800d6260000d5ae019d163c18a3d626c7
:100ba00009f8c002000000000080163c0000d626b4
:100bb0000000d68effffd6262900c01600000000d8
:100bc0000080163c6800d6260000d58e0000b68e48
:100bd0002300c01200000000a800a0d6b000a1d6db
:100be000b800a2d6c000a3d6c800a4d6d000a5d60f
:100bf000d800a6d6e000a7d6e800a8d6f000a9d66f
:100c0000f800aad60001abd60801acd61001add6cb
:100c10001801aed62001afd62801b0d63001b1d62a
:100c20003801b2d64001b3d64801b4d65001b5d68a
:100c30005801b6d66001b7d66801b8d67001b9d6ea
:100c40007801bad68001bbd68801bcd69001bdd64a
:100c50009801bed6a001bfd6a000b68e00f8d6443b
:100c60008000b68e1108c0027c00b68e1308c00248
:100c70008800b68e1110c0028400b68e1310c00218
:100c80009000b68e1118c0028c00b68e1318c002e8
:100c90009400b68ef8fcdf7e0800b68e1300c0020a
:100ca0000c00b68e1100c0021000a18e3000b78e6d
:100cb0002c00b68e3400a28e3800a38e3c00a48e89
:100cc0004000a58e4400a68e4800a78e4c00a88e3a
:100cd0005000a98e5400aa8e5800ab8e5c00ac8eda
:100ce0006000ad8e6400ae8e6800af8e6c00b88e72
:100cf0007000b98e7400be8e7800bf8e00606041b7
:100d0000c000000000801a3c00005a2700005b8fe2
:100d1000ffff7b2700005baf0e00601700000000a4
:100d200000801a3c64005a270000bb8e00005bafb5
:100d300008006013000000009c00ba8e9800bb8e73
:100d400020e815002800b58f0801bd270500001018
:100d5000000000009c00ba8e9800bb8e20e81500b1
:100d60002800b58fa000bd2700609a4000709b400e
:100d7000c0000000180000420000000000681a4097
:100d800060ffbd2700801b3c00007b2700007b8f9d
:100d9000080060170000000000801b3c64007b27f7
:100da00000007b8f0200601300000000f8febd27ea
:100db0000000bbaf00601b403000b7af2c00b6afe7
:100dc0002800b5af9c00bbaf82d21a0084825b7f43
:100dd000c2d11a0084945b7f44201b7c20a81d0094
:100de00000801a3c00005a270000568f0400c016ed
:100df00000000000019d1d3ca8a5bd270000bd8f7f
:100e00000100d626000056af0070164000609b40df
:100e10007800bfae7400beae7000b9ae6c00b8ae64
:100e20006800afae6400aeae6000adae5c00acaecc
:100e30005800abae5400aaae5000a9ae4c00a8ae0c
:100e40004800a7ae4400a6ae4000a5ae3c00a4ae4c
:100e50003800a3ae3400a2ae9800b6ae1000a1ae2a
:100e600010b020008000b6ae12b020007c00b6aefc
:100e700010b040008800b6ae12b040008400b6ae9c
:100e800010b060009000b6ae12b060008c00b6ae3c
:100e9000b8b4ff7f9400b6ae10b000000c00b6ae40
:100ea00012b000000800b6ae0080163c0000d62646
:100eb0000000d68effffd6262600c01600000000d8
:100ec0000000b68e2300c01200000000a001bff693
:100ed0009801bef69001bdf68801bcf68001bbf614
:100ee0007801baf67001b9f66801b8f66001b7f694
:100ef0005801b6f65001b5f64801b4f64001b3f614
:100f00003801b2f63001b1f62801b0f62001aff693
:100f10001801aef61001adf60801acf60001abf613
:100f2000f800aaf6f000a9f6e800a8f6e000a7f697
:100f3000d800a6f6d000a5f6c800a4f6c000a3f617
:100f4000b800a2f6b000a1f6a800a0f600f856443a
:100f5000a000b6ae0080163c0000d6260000d68e5b
:100f6000ffffd6260400c016000000000080163cdb
:100f70006800d6260000d5ae019d163c34a3d626c7
:100f800009f8c002000000000080163c0000d626d0
:100f90000000d68effffd6262900c01600000000f4
:100fa0000080163c6800d6260000d58e0000b68e64
:100fb0002300c01200000000a800a0d6b000a1d6f7
:100fc000b800a2d6c000a3d6c800a4d6d000a5d62b
:100fd000d800a6d6e000a7d6e800a8d6f000a9d68b
:100fe000f800aad60001abd60801acd61001add6e8
:100ff0001801aed62001afd62801b0d63001b1d647
:101000003801b2d64001b3d64801b4d65001b5d6a6
:101010005801b6d66001b7d66801b8d67001b9d606
:101020007801bad68001bbd68801bcd69001bdd666
:101030009801bed6a001bfd6a000b68e00f8d64457
:101040008000b68e1108c0027c00b68e1308c00264
:101050008800b68e1110c0028400b68e1310c00234
:101060009000b68e1118c0028c00b68e1318c00204
:101070009400b68ef8fcdf7e0800b68e1300c00226
:101080000c00b68e1100c0021000a18e3000b78e89
:101090002c00b68e3400a28e3800a38e3c00a48ea5
:1010a0004000a58e4400a68e4800a78e4c00a88e56
:1010b0005000a98e5400aa8e5800ab8e5c00ac8ef6
:1010c0006000ad8e6400ae8e6800af8e6c00b88e8e
:1010d0007000b98e7400be8e7800bf8e00606041d3
:1010e000c000000000801a3c00005a2700005b8fff
:1010f000ffff7b2700005baf0e00601700000000c1
:1011000000801a3c64005a270000bb8e00005bafd1
:1011100008006013000000009c00ba8e9800bb8e8f
:1011200020e815002800b58f0801bd270500001034
:10113000000000009c00ba8e9800bb8e20e81500cd
:101140002800b58fa000bd2700609a4000709b402a
:10115000c0000000180000420000000000681a40b3
:1011600060ffbd2700801b3c00007b2700007b8fb9
:10117000080060170000000000801b3c64007b2713
:1011800000007b8f0200601300000000f8febd2706
:101190000000bbaf00601b403000b7af2c00b6af03
:1011a0002800b5af9c00bbaf82d21a0084825b7f5f
:1011b000c2d11a0084945b7f44201b7c20a81d00b0
:1011c00000801a3c00005a270000568f0400c01609
:1011d00000000000019d1d3ca8a5bd270000bd8f9b
:1011e0000100d626000056af0070164000609b40fc
:1011f0007800bfae7400beae7000b9ae6c00b8ae81
:101200006800afae6400aeae6000adae5c00acaee8
:101210005800abae5400aaae5000a9ae4c00a8ae28
:101220004800a7ae4400a6ae4000a5ae3c00a4ae68
:101230003800a3ae3400a2ae9800b6ae1000a1ae46
:1012400010b020008000b6ae12b020007c00b6ae18
:1012500010b040008800b6ae12b040008400b6aeb8
:1012600010b060009000b6ae12b060008c00b6ae58
:10127000b8b4ff7f9400b6ae10b000000c00b6ae5c
:1012800012b000000800b6ae0080163c0000d62662
:101290000000d68effffd6262600c01600000000f4
:1012a0000000b68e2300c01200000000a001bff6af
:1012b0009801bef69001bdf68801bcf68001bbf630
:1012c0007801baf67001b9f66801b8f66001b7f6b0
:1012d0005801b6f65001b5f64801b4f64001b3f630
:1012e0003801b2f63001b1f62801b0f62001aff6b0
:1012f0001801aef61001adf60801acf60001abf630
:10130000f800aaf6f000a9f6e800a8f6e000a7f6b3
:10131000d800a6f6d000a5f6c800a4f6c000a3f633
:10132000b800a2f6b000a1f6a800a0f600f8564456
:10133000a000b6ae0080163c0000d6260000d68e77
:10134000ffffd6260400c016000000000080163cf7
:101350006800d6260000d5ae019d163c50a3d626c7
:1013600009f8c002000000000080163c0000d626ec
:101370000000d68effffd6262900c0160000000010
:101380000080163c6800d6260000d58e0000b68e80
:101390002300c01200000000a800a0d6b000a1d613
:1013a000b800a2d6c000a3d6c800a4d6d000a5d647
:1013b000d800a6d6e000a7d6e800a8d6f000a9d6a7
:1013c000f800aad60001abd60801acd61001add604
:1013d0001801aed62001afd62801b0d63001b1d663
:1013e0003801b2d64001b3d64801b4d65001b5d6c3
:1013f0005801b6d66001b7d66801b8d67001b9d623
:101400007801bad68001bbd68801bcd69001bdd682
:101410009801bed6a001bfd6a000b68e00f8d64473
:101420008000b68e1108c0027c00b68e1308c00280
:101430008800b68e1110c0028400b68e1310c00250
:101440009000b68e1118c0028c00b68e1318c00220
:101450009400b68ef8fcdf7e0800b68e1300c00242
:101460000c00b68e1100c0021000a18e3000b78ea5
:101470002c00b68e3400a28e3800a38e3c00a48ec1
:101480004000a58e4400a68e4800a78e4c00a88e72
:101490005000a98e5400aa8e5800ab8e5c00ac8e12
:1014a0006000ad8e6400ae8e6800af8e6c00b88eaa
:1014b0007000b98e7400be8e7800bf8e00606041ef
:1014c000c000000000801a3c00005a2700005b8f1b
:1014d000ffff7b2700005baf0e00601700000000dd
:1014e00000801a3c64005a270000bb8e00005bafee
:1014f00008006013000000009c00ba8e9800bb8eac
:1015000020e815002800b58f0801bd270500001050
:10151000000000009c00ba8e9800bb8e20e81500e9
:101520002800b58fa000bd2700609a4000709b4046
:10153000c0000000180000420000000000681a40cf
:1015400060ffbd2700801b3c00007b2700007b8fd5
:10155000080060170000000000801b3c64007b272f
:1015600000007b8f0200601300000000f8febd2722
:101570000000bbaf00601b403000b7af2c00b6af1f
:101580002800b5af9c00bbaf82d21a0084825b7f7b
:10159000c2d11a0084945b7f44201b7c20a81d00cc
:1015a00000801a3c00005a270000568f0400c01625
:1015b00000000000019d1d3ca8a5bd270000bd8fb7
:1015c0000100d626000056af0070164000609b4018
:1015d0007800bfae7400beae7000b9ae6c00b8ae9d
:1015e0006800afae6400aeae6000adae5c00acae05
:1015f0005800abae5400aaae5000a9ae4c00a8ae45
:101600004800a7ae4400a6ae4000a5ae3c00a4ae84
:101610003800a3ae3400a2ae9800b6ae1000a1ae62
:1016200010b020008000b6ae12b020007c00b6ae34
:1016300010b040008800b6ae12b040008400b6aed4
:1016400010b060009000b6ae12b060008c00b6ae74
:10165000b8b4ff7f9400b6ae10b000000c00b6ae78
:1016600012b000000800b6ae0080163c0000d6267e
:101670000000d68effffd6262600c0160000000010
:101680000000b68e2300c01200000000a001bff6cb
:101690009801bef69001bdf68801bcf68001bbf64c
:1016a0007801baf67001b9f66801b8f66001b7f6cc
:1016b0005801b6f65001b5f64801b4f64001b3f64c
:1016c0003801b2f63001b1f62801b0f62001aff6cc
:1016d0001801aef61001adf60801acf60001abf64c
:1016e000f800aaf6f000a9f6e800a8f6e000a7f6d0
:1016f000d800a6f6d000a5f6c800a4f6c000a3f650
:10170000b800a2f6b000a1f6a800a0f600f8564472
:10171000a000b6ae0080163c0000d6260000d68e93
:10172000ffffd6260400c016000000000080163c13
:101730006800d6260000d5ae019d163c6ca3d626c7
:1017400009f8c002000000000080163c0000d62608
:101750000000d68effffd6262900c016000000002c
:101760000080163c6800d6260000d58e0000b68e9c
:101770002300c01200000000a800a0d6b000a1d62f
:10178000b800a2d6c000a3d6c800a4d6d000a5d663
:10179000d800a6d6e000a7d6e800a8d6f000a9d6c3
:1017a000f800aad60001abd60801acd61001add620
:1017b0001801aed62001afd62801b0d63001b1d67f
:1017c0003801b2d64001b3d64801b4d65001b5d6df
:1017d0005801b6d66001b7d66801b8d67001b9d63f
:1017e0007801bad68001bbd68801bcd69001bdd69f
:1017f0009801bed6a001bfd6a000b68e00f8d64490
:101800008000b68e1108c0027c00b68e1308c0029c
:101810008800b68e1110c0028400b68e1310c0026c
:101820009000b68e1118c0028c00b68e1318c0023c
:101830009400b68ef8fcdf7e0800b68e1300c0025e
:101840000c00b68e1100c0021000a18e3000b78ec1
:101850002c00b68e3400a28e3800a38e3c00a48edd
:101860004000a58e4400a68e4800a78e4c00a88e8e
:101870005000a98e5400aa8e5800ab8e5c00ac8e2e
:101880006000ad8e6400ae8e6800af8e6c00b88ec6
:101890007000b98e7400be8e7800bf8e006060410b
:1018a000c000000000801a3c00005a2700005b8f37
:1018b000ffff7b2700005baf0e00601700000000f9
:1018c00000801a3c64005a270000bb8e00005baf0a
:1018d00008006013000000009c00ba8e9800bb8ec8
:1018e00020e815002800b58f0801bd27050000106d
:1018f000000000009c00ba8e9800bb8e20e8150006
:101900002800b58fa000bd2700609a4000709b4062
:10191000c0000000180000420000000000681a40eb
:1019200060ffbd2700801b3c00007b2700007b8ff1
:10193000080060170000000000801b3c64007b274b
:1019400000007b8f0200601300000000f8febd273e
:101950000000bbaf00601b403000b7af2c00b6af3b
:101960002800b5af9c00bbaf82d21a0084825b7f97
:10197000c2d11a0084945b7f44201b7c20a81d00e8
:1019800000801a3c00005a270000568f0400c01641
:1019900000000000019d1d3ca8a5bd270000bd8fd3
:1019a0000100d626000056af0070164000609b4034
:1019b0007800bfae7400beae7000b9ae6c00b8aeb9
:1019c0006800afae6400aeae6000adae5c00acae21
:1019d0005800abae5400aaae5000a9ae4c00a8ae61
:1019e0004800a7ae4400a6ae4000a5ae3c00a4aea1
:1019f0003800a3ae3400a2ae9800b6ae1000a1ae7f
:101a000010b020008000b6ae12b020007c00b6ae50
:101a100010b040008800b6ae12b040008400b6aef0
:101a200010b060009000b6ae12b060008c00b6ae90
:101a3000b8b4ff7f9400b6ae10b000000c00b6ae94
:101a400012b000000800b6ae0080163c0000d6269a
:101a50000000d68effffd6262600c016000000002c
:101a60000000b68e2300c01200000000a001bff6e7
:101a70009801bef69001bdf68801bcf68001bbf668
:101a80007801baf67001b9f66801b8f66001b7f6e8
:101a90005801b6f65001b5f64801b4f64001b3f668
:101aa0003801b2f63001b1f62801b0f62001aff6e8
:101ab0001801aef61001adf60801acf60001abf668
:101ac000f800aaf6f000a9f6e800a8f6e000a7f6ec
:101ad000d800a6f6d000a5f6c800a4f6c000a3f66c
:101ae000b800a2f6b000a1f6a800a0f600f856448f
:101af000a000b6ae0080163c0000d6260000d68eb0
:101b0000ffffd6260400c016000000000080163c2f
:101b10006800d6260000d5ae019d163c88a3d626c7
:101b200009f8c002000000000080163c0000d62624
:101b30000000d68effffd6262900c0160000000048
:101b40000080163c6800d6260000d58e0000b68eb8
:101b50002300c01200000000a800a0d6b000a1d64b
:101b6000b800a2d6c000a3d6c800a4d6d000a5d67f
:101b7000d800a6d6e000a7d6e800a8d6f000a9d6df
:101b8000f800aad60001abd60801acd61001add63c
:101b90001801aed62001afd62801b0d63001b1d69b
:101ba0003801b2d64001b3d64801b4d65001b5d6fb
:101bb0005801b6d66001b7d66801b8d67001b9d65b
:101bc0007801bad68001bbd68801bcd69001bdd6bb
:101bd0009801bed6a001bfd6a000b68e00f8d644ac
:101be0008000b68e1108c0027c00b68e1308c002b9
:101bf0008800b68e1110c0028400b68e1310c00289
:101c00009000b68e1118c0028c00b68e1318c00258
:101c10009400b68ef8fcdf7e0800b68e1300c0027a
:101c20000c00b68e1100c0021000a18e3000b78edd
:101c30002c00b68e3400a28e3800a38e3c00a48ef9
:101c40004000a58e4400a68e4800a78e4c00a88eaa
:101c50005000a98e5400aa8e5800ab8e5c00ac8e4a
:101c60006000ad8e6400ae8e6800af8e6c00b88ee2
:101c70007000b98e7400be8e7800bf8e0060604127
:101c8000c000000000801a3c00005a2700005b8f53
:101c9000ffff7b2700005baf0e0060170000000015
:101ca00000801a3c64005a270000bb8e00005baf26
:101cb00008006013000000009c00ba8e9800bb8ee4
:101cc00020e815002800b58f0801bd270500001089
:101cd000000000009c00ba8e9800bb8e20e8150022
:101ce0002800b58fa000bd2700609a4000709b407f
:101cf000c0000000180000420000000000681a4008
:101d000060ffbd2700801b3c00007b2700007b8f0d
:101d1000080060170000000000801b3c64007b2767
:101d200000007b8f0200601300000000f8febd275a
:101d30000000bbaf00601b403000b7af2c00b6af57
:101d40002800b5af9c00bbaf82d21a0084825b7fb3
:101d5000c2d11a0084945b7f44201b7c20a81d0004
:101d600000801a3c00005a270000568f0400c0165d
:101d700000000000019d1d3ca8a5bd270000bd8fef
:101d80000100d626000056af0070164000609b4050
:101d90007800bfae7400beae7000b9ae6c00b8aed5
:101da0006800afae6400aeae6000adae5c00acae3d
:101db0005800abae5400aaae5000a9ae4c00a8ae7d
:101dc0004800a7ae4400a6ae4000a5ae3c00a4aebd
:101dd0003800a3ae3400a2ae9800b6ae1000a1ae9b
:101de00010b020008000b6ae12b020007c00b6ae6d
:101df00010b040008800b6ae12b040008400b6ae0d
:101e000010b060009000b6ae12b060008c00b6aeac
:101e1000b8b4ff7f9400b6ae10b000000c00b6aeb0
:101e200012b000000800b6ae0080163c0000d626b6
:101e30000000d68effffd6262600c0160000000048
:101e40000000b68e2300c01200000000a001bff603
:101e50009801bef69001bdf68801bcf68001bbf684
:101e60007801baf67001b9f66801b8f66001b7f604
:101e70005801b6f65001b5f64801b4f64001b3f684
:101e80003801b2f63001b1f62801b0f62001aff604
:101e90001801aef61001adf60801acf60001abf684
:101ea000f800aaf6f000a9f6e800a8f6e000a7f608
:101eb000d800a6f6d000a5f6c800a4f6c000a3f688
:101ec000b800a2f6b000a1f6a800a0f600f85644ab
:101ed000a000b6ae0080163c0000d6260000d68ecc
:101ee000ffffd6260400c016000000000080163c4c
:101ef0006800d6260000d5ae019d163ca4a3d626c8
:101f000009f8c002000000000080163c0000d62640
:101f10000000d68effffd6262900c0160000000064
:101f20000080163c6800d6260000d58e0000b68ed4
:101f30002300c01200000000a800a0d6b000a1d667
:101f4000b800a2d6c000a3d6c800a4d6d000a5d69b
:101f5000d800a6d6e000a7d6e800a8d6f000a9d6fb
:101f6000f800aad60001abd60801acd61001add658
:101f70001801aed62001afd62801b0d63001b1d6b7
:101f80003801b2d64001b3d64801b4d65001b5d617
:101f90005801b6d66001b7d66801b8d67001b9d677
:101fa0007801bad68001bbd68801bcd69001bdd6d7
:101fb0009801bed6a001bfd6a000b68e00f8d644c8
:101fc0008000b68e1108c0027c00b68e1308c002d5
:101fd0008800b68e1110c0028400b68e1310c002a5
:101fe0009000b68e1118c0028c00b68e1318c00275
:101ff0009400b68ef8fcdf7e0800b68e1300c00297
:102000000c00b68e1100c0021000a18e3000b78ef9
:102010002c00b68e3400a28e3800a38e3c00a48e15
:102020004000a58e4400a68e4800a78e4c00a88ec6
:102030005000a98e5400aa8e5800ab8e5c00ac8e66
:102040006000ad8e6400ae8e6800af8e6c00b88efe
:102050007000b98e7400be8e7800bf8e0060604143
:10206000c000000000801a3c00005a2700005b8f6f
:10207000ffff7b2700005baf0e0060170000000031
:1020800000801a3c64005a270000bb8e00005baf42
:1020900008006013000000009c00ba8e9800bb8e00
:1020a00020e815002800b58f0801bd2705000010a5
:1020b000000000009c00ba8e9800bb8e20e815003e
:1020c0002800b58fa000bd2700609a4000709b409b
:1020d000c0000000180000420000000000681a4024
:1020e00060ffbd2700801b3c00007b2700007b8f2a
:1020f000080060170000000000801b3c64007b2784
:1021000000007b8f0200601300000000f8febd2776
:102110000000bbaf00601b403000b7af2c00b6af73
:102120002800b5af9c00bbaf82d21a0084825b7fcf
:10213000c2d11a0084945b7f44201b7c20a81d0020
:1021400000801a3c00005a270000568f0400c01679
:1021500000000000019d1d3ca8a5bd270000bd8f0b
:102160000100d626000056af0070164000609b406c
:102170007800bfae7400beae7000b9ae6c00b8aef1
:102180006800afae6400aeae6000adae5c00acae59
:102190005800abae5400aaae5000a9ae4c00a8ae99
:1021a0004800a7ae4400a6ae4000a5ae3c00a4aed9
:1021b0003800a3ae3400a2ae9800b6ae1000a1aeb7
:1021c00010b020008000b6ae12b020007c00b6ae89
:1021d00010b040008800b6ae12b040008400b6ae29
:1021e00010b060009000b6ae12b060008c00b6aec9
:1021f000b8b4ff7f9400b6ae10b000000c00b6aecd
:1022000012b000000800b6ae0080163c0000d626d2
:102210000000d68effffd6262600c0160000000064
:102220000000b68e2300c01200000000a001bff61f
:102230009801bef69001bdf68801bcf68001bbf6a0
:102240007801baf67001b9f66801b8f66001b7f620
:102250005801b6f65001b5f64801b4f64001b3f6a0
:102260003801b2f63001b1f62801b0f62001aff620
:102270001801aef61001adf60801acf60001abf6a0
:10228000f800aaf6f000a9f6e800a8f6e000a7f624
:10229000d800a6f6d000a5f6c800a4f6c000a3f6a4
:1022a000b800a2f6b000a1f6a800a0f600f85644c7
:1022b000a000b6ae0080163c0000d6260000d68ee8
:1022c000ffffd6260400c016000000000080163c68
:1022d0006800d6260000d5ae019d163cc0a3d626c8
:1022e00009f8c002000000000080163c0000d6265d
:1022f0000000d68effffd6262900c0160000000081
:102300000080163c6800d6260000d58e0000b68ef0
:102310002300c01200000000a800a0d6b000a1d683
:10232000b800a2d6c000a3d6c800a4d6d000a5d6b7
:10233000d800a6d6e000a7d6e800a8d6f000a9d617
:10234000f800aad60001abd60801acd61001add674
:102350001801aed62001afd62801b0d63001b1d6d3
:102360003801b2d64001b3d64801b4d65001b5d633
:102370005801b6d66001b7d66801b8d67001b9d693
:102380007801bad68001bbd68801bcd69001bdd6f3
:102390009801bed6a001bfd6a000b68e00f8d644e4
:1023a0008000b68e1108c0027c00b68e1308c002f1
:1023b0008800b68e1110c0028400b68e1310c002c1
:1023c0009000b68e1118c0028c00b68e1318c00291
:1023d0009400b68ef8fcdf7e0800b68e1300c002b3
:1023e0000c00b68e1100c0021000a18e3000b78e16
:1023f0002c00b68e3400a28e3800a38e3c00a48e32
:102400004000a58e4400a68e4800a78e4c00a88ee2
:102410005000a98e5400aa8e5800ab8e5c00ac8e82
:102420006000ad8e6400ae8e6800af8e6c00b88e1a
:102430007000b98e7400be8e7800bf8e006060415f
:10244000c000000000801a3c00005a2700005b8f8b
:10245000ffff7b2700005baf0e006017000000004d
:1024600000801a3c64005a270000bb8e00005baf5e
:1024700008006013000000009c00ba8e9800bb8e1c
:1024800020e815002800b58f0801bd2705000010c1
:10249000000000009c00ba8e9800bb8e20e815005a
:1024a0002800b58fa000bd2700609a4000709b40b7
:1024b000c0000000180000420000000000681a4040
:1024c00060ffbd2700801b3c00007b2700007b8f46
:1024d000080060170000000000801b3c64007b27a0
:1024e00000007b8f0200601300000000f8febd2793
:1024f0000000bbaf00601b403000b7af2c00b6af90
:102500002800b5af9c00bbaf82d21a0084825b7feb
:10251000c2d11a0084945b7f44201b7c20a81d003c
:1025200000801a3c00005a270000568f0400c01695
:1025300000000000019d1d3ca8a5bd270000bd8f27
:102540000100d626000056af0070164000609b4088
:102550007800bfae7400beae7000b9ae6c00b8ae0d
:102560006800afae6400aeae6000adae5c00acae75
:102570005800abae5400aaae5000a9ae4c00a8aeb5
:102580004800a7ae4400a6ae4000a5ae3c00a4aef5
:102590003800a3ae3400a2ae9800b6ae1000a1aed3
:1025a00010b020008000b6ae12b020007c00b6aea5
:1025b00010b040008800b6ae12b040008400b6ae45
:1025c00010b060009000b6ae12b060008c00b6aee5
:1025d000b8b4ff7f9400b6ae10b000000c00b6aee9
:1025e00012b000000800b6ae0080163c0000d626ef
:1025f0000000d68effffd6262600c0160000000081
:102600000000b68e2300c01200000000a001bff63b
:102610009801bef69001bdf68801bcf68001bbf6bc
:102620007801baf67001b9f66801b8f66001b7f63c
:102630005801b6f65001b5f64801b4f64001b3f6bc
:102640003801b2f63001b1f62801b0f62001aff63c
:102650001801aef61001adf60801acf60001abf6bc
:10266000f800aaf6f000a9f6e800a8f6e000a7f640
:10267000d800a6f6d000a5f6c800a4f6c000a3f6c0
:10268000b800a2f6b000a1f6a800a0f600f85644e3
:10269000a000b6ae0080163c0000d6260000d68e04
:1026a000ffffd6260400c016000000000080163c84
:1026b0006800d6260000d5ae019d163cdca3d626c8
:1026c00009f8c002000000000080163c0000d62679
:1026d0000000d68effffd6262900c016000000009d
:1026e0000080163c6800d6260000d58e0000b68e0d
:1026f0002300c01200000000a800a0d6b000a1d6a0
:10270000b800a2d6c000a3d6c800a4d6d000a5d6d3
:10271000d800a6d6e000a7d6e800a8d6f000a9d633
:10272000f800aad60001abd60801acd61001add690
:102730001801aed62001afd62801b0d63001b1d6ef
:102740003801b2d64001b3d64801b4d65001b5d64f
:102750005801b6d66001b7d66801b8d67001b9d6af
:102760007801bad68001bbd68801bcd69001bdd60f
:102770009801bed6a001bfd6a000b68e00f8d64400
:102780008000b68e1108c0027c00b68e1308c0020d
:102790008800b68e1110c0028400b68e1310c002dd
:1027a0009000b68e1118c0028c00b68e1318c002ad
:1027b0009400b68ef8fcdf7e0800b68e1300c002cf
:1027c0000c00b68e1100c0021000a18e3000b78e32
:1027d0002c00b68e3400a28e3800a38e3c00a48e4e
:1027e0004000a58e4400a68e4800a78e4c00a88eff
:1027f0005000a98e5400aa8e5800ab8e5c00ac8e9f
:102800006000ad8e6400ae8e6800af8e6c00b88e36
:102810007000b98e7400be8e7800bf8e006060417b
:10282000c000000000801a3c00005a2700005b8fa7
:10283000ffff7b2700005baf0e0060170000000069
:1028400000801a3c64005a270000bb8e00005baf7a
:1028500008006013000000009c00ba8e9800bb8e38
:1028600020e815002800b58f0801bd2705000010dd
:10287000000000009c00ba8e9800bb8e20e8150076
:102880002800b58fa000bd2700609a4000709b40d3
:10289000c000000018000042000000000000023ce0
:1028a00000004224070040100000023c00004224c7
:1028b00005004050019d023c3f0000700800e0030d
:1028c00000000000019d023ccc9c4224030040100b
:1028d0000000000009f84000000000000800e003cc
:0428e00000000000f4
:020000040000fa
:020000041fc01b
:10067000000000d01f00c0001f00c400000000d216
:100680001f00c8001f00cc00000000f01700c000d1
:100690001700c400000000f21700c8001700cc00cb
:1006a000000000c01f0080001f008400000000c286
:1006b0001f0088001f008c00000000e01700800071
:1006c00017008400000000e21700880017008c006b
:020000040000fa
:020000041fc01b
:1004800000f89b40c0000000019d1b3ccc9c7b27da
:10049000020060130000000000c09b4000f81b40f9
:0c04a000c00000001f000042000000002f
:020000040000fa
:020000041fc01b
:04ffc000ffffffff41
:020000040000fa
:020000041fc01b
:04ffc40098b1f9fff8
:020000040000fa
:020000041fc01b
:04ffc80039ff745f2a
:020000040000fa
:020000041fc01b
:04ffcc00dbf7ffff61
:020000040000fa
:020000041fc01b
:04ffdc00ffffffff25
:020000040000fa
:020000041fc01b
:04fff000ffff00000f
:020000040000fa
:020000041d00dd
:1028e400e8ffbd270000bfaf0400b0af0800b1afe0
:1028f4000c00b2af1000b3af1400b4afce0b400f56
:1029040025a0800000000000b40b400f258040008b
:1029140000000000830b400f2588400000000000e9
:10292400720b400f259040000000000025984000e5
:102934000060084025480001feff012424400101f5
:102944000400083500608840c000000000d08040ca
:1029540000e08040c00000000000043c000084242b
:1029640001008014009d043c040000122128900002
:1029740021209200feff8514fcff88bc0000043c6b
:1029840000008424010080140080043c0400201210
:102994002128910021209300feff8514fcff89bcaf
:1029a4000f000000008008400700083507000839c0
:1029b400254014010080884000608940c000000068
:1029c4000000bf8f0400b08f0800b18f0c00b28fdd
:1029d4001000b38f1400b48f0800e0031800bd2763
:1029e40000000000f8ffbd270000bfaf850a400fbc
:1029f40000000000b10a400f0000000000000000c9
:102a04000000bf8f0800e0030800bd27000000009d
:102a1400f8ffbd270000bfaf720b400f000000009d
:102a240000000000255840000b0060110000000069
:102a34000900a01821488500ffff6a25275040019e
:102a440024408a00ffff292524482a01000015bddf
:102a5400feff091521400b010000bf8f0800e003b1
:102a64000800bd2700000000f8ffbd270000bfaf2d
:102a7400720b400f000000000000000025584000c9
:102a84000b006011000000000900a0182148850017
:102a9400ffff6a252750400124408a00ffff2925b3
:102aa40024482a01000011bdfeff091521400b0135
:102ab4000000bf8f0800e0030800bd2700000000ed
:102ac400f8ffbd270000bfaf830b400f00000000dc
:102ad40000000000255840000b00601100000000b9
:102ae4000900a01821488500ffff6a2527504001ee
:102af40024408a00ffff292524482a01000010bd34
:102b0400feff091521400b010000bf8f0800e00300
:102b14000800bd2700000000f8ffbd270000bfaf7c
:102b2400d20a400f00000000f70a400f0000000026
:102b3400000000000000bf8f0800e0030800bd276c
:102b440000000000f0ffbd270000b0af0400b1afeb
:102b54000800bfafb40b400f0000000000000000ed
:102b6400258040001600001200000000720b400f88
:102b74000000000000000000258840001000201222
:102b8400000000000000043c0000842402008014c3
:102b9400000000000080043c0900001a2148900055
:102ba400ffff2a262750400124408a00ffff2925e1
:102bb40024482a01000001bdfeff0915214011012e
:102bc4000000b08f0400b18f0800bf8f0800e0033d
:102bd4001000bd2700000000f0ffbd270000b0afcb
:102be4000400b1af0800bfafce0b400f00000000df
:102bf40000000000258040001600001200000000c4
:102c0400830b400f000000000000000025884000f6
:102c140010002012000000000000043c0000842486
:102c24000200801400000000009d043c0900001a0a
:102c340021489000ffff2a262750400124408a00a3
:102c4400ffff292524482a01000000bdfeff0915c5
:102c5400214011010000b08f0400b18f0800bf8f24
:102c64000800e0031000bd2700000000f8ffbd27a6
:102c74000000bfaf720b400f000000000000000016
:102c8400255840000b006011000000000900a01846
:102c940021488500ffff6a252750400124408a000f
:102ca400ffff292524482a0100001dbdfeff091548
:102cb40021400b010000bf8f0800e0030800bd277e
:102cc40000000000f8ffbd270000bfaf830b400fda
:102cd4000000000000000000255840000b006011b7
:102ce400000000000900a01821488500ffff6a25a4
:102cf4002750400124408a00ffff292524482a0147
:102d040000001cbdfeff091521400b010000bf8f10
:102d14000800e0030800bd27000000000c00a01814
:102d2400214885003b08067c0900c010ffff2925c7
:102d3400ffffca242750400124408a0024482a0166
:102d440000001f05feff0915214006010f000000c9
:102d54000804e00300000000008009400080013cfa
:102d640024402101060000110000000001800940f8
:102d740080032f31c2790f000100ef252510e001f7
:102d84000800e0030000000000000000008009408b
:102d94000080013c244021010700001100000000d4
:102da400018009400700013c2460210102640c00f9
:102db40001008c25251080010800e00300000000bc
:102dc40000000000008009400080013c24402101f3
:102dd4000a0000110000000001800940001c283195
:102de40006000011000000008242080001000825ce
:102df40001000e2404700e012510c0010800e00338
:102e04000000000000000000008009400080013c38
:102e1400244021010b000011000000000180094042
:102e24003800013c2440210106000011000000008c
:102e3400c24408000100082501000b2404580b01ba
:102e4400251060010800e0030000000000000000fd
:102e5400008009400080013c244021010800001149
:102e6400000000000180094000e0283142430800ce
:102e74000600082501000f2404780f012510e00145
:102e84000800e0030000000000000000008009408a
:102e94000080013c244021010900001100000000d1
:102ea40001800940c001013c244021018245080001
:102eb4000600082501000c2404600c012510800183
:102ec4000800e0030000000000000000f0ffbd2740
:102ed4000000b0af0400b1af0800b2af0c00bfaf48
:102ee400720b400f0000000000000000570b400f61
:102ef4002580400000000000950b400f258840000d
:102f0400000000002590400019001102124000004a
:102f140019004802121000000000b08f0400b18fa5
:102f24000800b28f0c00bf8f0800e0031000bd271b
:102f340000000000f0ffbd270000b0af0400b1aff7
:102f44000800b2af0c00bfaf830b400f00000000bd
:102f540000000000640b400f2580400000000000ca
:102f6400a40b400f2588400000000000259040007d
:102f7400190011021240000019004802121000004a
:102f84000000b08f0400b18f0800b28f0c00bf8f17
:0c2f94000800e0031000bd270000000052
:020000040000fa
:020000041d00dd
:102fa00034a00080800000000000000004a3008026
:102fb00030000000000000009ca2008068000000bb
:102fc00000000000286e00800010000000000000db
:102fd00034a100806000000000000000288e008006
:102fe000000800000000000094a1008060000000c4
:102ff0000000000028000080090000000000000020
:10300000310000800100000000000000340000805a
:103010000400000000000000289600800008000066
:1030200000000000f4a1008060000000000000002b
:1030300038000080080000000000000084a3008029
:103040002400000000000000b4a000808000000008
:103050000000000034a300802800000000000000f1
:103060004000008004000000000000005ca300801d
:103070002800000000000000440000800400000060
:1030800000000000b09f00808300000000000000ee
:10309000480000801c00000000000000c800008004
:1030a000606d00000000000064000080040000006b
:1030b00000000000287e00800010000000000000da
:1030c0006800008004000000000000000000008094
:1030d0000400000001000000010000006c000080fe
:1030e0000400000000000000c40000800400000094
:1030f00001000000060000007000008028000000b1
:1031000000000000a8a300801400000000000000e0
:10311000980000800400000000000000bca30080b4
:1031200028000000000000009c0000800800000053
:1031300000000000e4a30080280000000000000060
:10314000189f00808c00000000000000a400008098
:10315000040000000000000054a2008048000000ad
:1031600000000000289e0080f00000000000000029
:10317000a800008014000000000000000ca40080e3
:103180002800000000000000bc00008008000000d3
:1031900000000000400581bfb001000001000000f8
:1031a0009c280000000200009c2800009c280000d1
:1031b000c40500009c2800009c2800009c280000fa
:1031c0009c2800009c2800009c2800009c280000ef
:1031d0009c2800009c2800009c2800009c280000df
:1031e0009c2800009c2800009c2800009c280000cf
:1031f0009c2800009c2800009c2800009c280000bf
:103200009c2800009c2800009c2800009c280000ae
:103210009c2800009c2800009c2800009c2800009e
:103220009c2800009c2800009c2800009c2800008e
:103230009c2800009c2800009c2800009c2800007e
:103240009c2800009c2800009c2800009c2800006e
:103250009c2800009c2800009c2800009c2800005e
:103260009c2800009c2800009c2800009c2800004e
:103270009c2800009c2800009c2800009c2800003e
:103280009c2800009c2800009c2800009c2800002e
:103290009c2800009c2800009c2800009c2800001e
:1032a0009c2800009c2800009c2800009c2800000e
:1032b0009c2800009c2800009c2800009c280000fe
:1032c0009c2800009c2800009c2800009c280000ee
:1032d0009c2800009c2800009c2800009c280000de
:1032e0009c2800009c2800009c2800009c280000ce
:1032f0009c2800009c2800009c2800009c280000be
:103300009c2800009c2800009c2800009c280000ad
:103310009c2800009c2800009c2800009c2800009d
:103320009c2800009c2800009c2800009c2800008d
:103330009c2800009c2800009c2800009c2800007d
:103340009c2800009c2800009c2800009c2800006d
:10335000f40681bf48010000010000009c28000025
:103360009c2800009c2800009c2800009c2800004d
:103370009c2800009c2800009c2800009c2800003d
:103380009c2800009c2800009c0900009c2800004c
:103390009c2800009c2800009c2800009c2800001d
:1033a0007c0d00009c2800009c2800009c28000048
:1033b0009c2800009c2800009c2800009c280000fd
:1033c0005c1100003c1500009c2800009c280000b7
:1033d0009c2800009c2800001c1900009c2800006c
:1033e0009c2800009c2800009c2800009c280000cd
:1033f0009c2800009c2800009c2800009c280000bd
:103400009c2800009c2800009c2800009c280000ac
:103410009c2800009c2800009c2800009c2800009c
:103420009c2800009c2800009c2800009c2800008c
:103430009c2800009c2800009c2800009c2800007c
:103440009c2800009c2800009c2800009c2800006c
:103450009c2800009c2800009c2800009c2800005c
:103460009c2800009c2800009c2800009c2800004c
:103470009c2800009c2800009c2800009c2800003c
:103480009c2800009c2800009c2800009c2800002c
:103490009c2800009c280000fc1c0000dc20000090
:1034a000bc240000400881bf0c00000001000000a7
:1034b0009c2800009c2800009c280000500881bf28
:1034c00004000000010000009c280000580881bf93
:1034d00014000000010000009c2800009c2800004f
:1034e0009c2800009c2800009c280000740881bfd4
:1034f00018000000010000009c2800009c2800002b
:103500009c2800009c2800009c2800009c280000ab
:10351000940881bf04000000010000009c28000006
:10352000040000802400000001000000fffffffff6
:10353000ffffffff01000000ffffffffffffffff96
:1035400001000000ffffffffffffffff0100000081
:1035500000000000666666666666666666666666a3
:020000040000fa
:020000041d00dd
:103560000080163c0000d6260000d68effffd6262f
:103570002900c016000000000080163c6800d62616
:103580000000d58e0000b68e2300c012000000009f
:10359000a800a0d6b000a1d6b800a2d6c000a3d67d
:1035a000c800a4d6d000a5d6d800a6d6e000a7d6dd
:1035b000e800a8d6f000a9d6f800aad60001abd63c
:1035c0000801acd61001add61801aed62001afd699
:1035d0002801b0d63001b1d63801b2d64001b3d6f9
:1035e0004801b4d65001b5d65801b6d66001b7d659
:1035f0006801b8d67001b9d67801bad68001bbd6b9
:103600008801bcd69001bdd69801bed6a001bfd618
:10361000a000b68e00f8d6448000b68e1108c00215
:103620007c00b68e1308c0028800b68e1110c0024e
:103630008400b68e1310c0029000b68e1118c0021e
:103640008c00b68e1318c0029400b68ef8fcdf7e94
:103650000800b68e1300c0020c00b68e1100c00226
:103660001000a18e3000b78e2c00b68e3400a28ed2
:103670003800a38e3c00a48e4000a58e4400a68e88
:103680004800a78e4c00a88e5000a98e5400aa8e28
:103690005800ab8e5c00ac8e6000ad8e6400ae8ec8
:1036a0006800af8e6c00b88e7000b98e7400be8e4c
:1036b0007800bf8e00606041c000000000801a3cae
:1036c00000005a2700005b8fffff7b2700005bafe5
:1036d0000e0060170000000000801a3c64005a27aa
:1036e0000000bb8e00005baf08006013000000000c
:1036f0009c00ba8e9800bb8e20e815002800b58f7c
:103700000801bd2705000010000000009c00ba8ed3
:103710009800bb8e20e815002800b58fa000bd27bb
:1037200000609a4000709b40c000000018000042fa
:103730000000000000f8c444000004240000844499
:1037400021008046010084240008844461088046ea
:103750000100842400108444a110804601008424c8
:1037600000188444e1188046010084240020844429
:103770002121804601008424002884446129804658
:103780000100842400308444a13180460100842457
:1037900000388444e1398046010084240040844498
:1037a000214280460100842400488444614a8046c6
:1037b0000100842400508444a152804601008424e6
:1037c00000588444e15a8046010084240060844407
:1037d000216380460100842400688444616b804634
:1037e0000100842400708444a17380460100842475
:1037f00000788444e17b8046010084240080844476
:10380000218480460100842400888444618c8046a1
:103810000100842400908444a19480460100842403
:1038200000988444e19c80460100842400a08444e4
:1038300021a580460100842400a8844461ad80460f
:103840000100842400b08444a1b580460100842492
:1038500000b88444e1bd80460100842400c0844453
:1038600021c680460100842400c8844461ce80467d
:103870000100842400d08444a1d680460100842421
:1038800000d88444e1de80460100842400e08444c2
:1038900021e780460100842400e8844461ef8046eb
:1038a0000100842400f08444a1f7804601008424b0
:1038b00000f88444e1ff8046010084240800e0030e
:1038c00000000000000080f4080081f4100082f481
:1038d000180083f4200084f4280085f4300086f476
:1038e000380087f4400088f4480089f450008af4d6
:1038f00058008bf460008cf468008df470008ef436
:1039000078008ff4800090f4880091f4900092f495
:10391000980093f4a00094f4a80095f4b00096f4f5
:10392000b80097f4c00098f4c80099f4d0009af455
:10393000d8009bf4e0009cf4e8009df4f0009ef4b5
:0c394000f8009ff40800e0030000000005
:020000040000fa
:020000041d00dd
:10394c00d0ffbd272c00bfaf2800b6af2400b5af09
:10395c002000b4af1c00b3af1800b2af1400b1af6d
:10396c00ffff8224f7ff422cb00040101000b0afd4
:10397c00080090240700033206006010080002249f
:10398c0023104300271802002b187000a7006014a6
:10399c00218002023c29400f000000006880828fc9
:1039ac00180040140080023cc80042240700443038
:1039bc0006008010606d0324070044240410047c6e
:1039cc00606d422423184400251080006c808427ed
:1039dc00000082ac040080ac21184300f8ff632483
:1039ec000410037c688083af040060ac000060ac02
:1039fc0023206200040044ac000043ac608084af20
:103a0c00648084af10000106000000004814400fd1
:103a1c0000000000f127400f259000002510400207
:103a2c002c00bf8f2800b68f2400b58f2000b48fd8
:103a3c001c00b38f1800b28f1400b18f1000b08f20
:103a4c000800e0033000bd27050000166480828f5b
:103a5c004814400f00000000eeff001000000000b2
:103a6c002b105000050040106c80918f4814400fb3
:103a7c0000000000e7ff0010000000000080023c86
:103a8c00c80042242b102202050040140080023c86
:103a9c00276e42242b105100060040106c80932797
:103aac00f6000524019d043c4427400f889c842487
:103abc006c8093270080163c019d153c0080143cc3
:103acc000400228e2b105000040040106880828f5e
:103adc000000328e07004056c800c2261100515417
:103aec000000728e4814400f00000000c9ff001047
:103afc00000000002b10420204004014276e8226a6
:103b0c002b1052000500405025982002fc00052483
:103b1c004427400f889ca42625982002e8ff00101b
:103b2c0025884002080052260080023cc80042242e
:103b3c002b104202050040140080023c276e4224e8
:103b4c002b105200060040500000228e0601052466
:103b5c00019d043c4427400f889c84240000228e45
:103b6c00000062ae0400228e2b10500004004010a6
:103b7c000e010524019d043c4427400f889c84249d
:103b8c000400228e231050001100422c0e00401411
:103b9c0021a03002070082320400401017010524d6
:103bac00019d043c4427400f889c84240400228ef1
:103bbc0023105000040082ae040030ae0000628e70
:103bcc00000082ae000074ae0400238e6480828fed
:103bdc0023104300648082af6080848f2b204400cc
:103bec0001008054608082af0080023c2518620086
:103bfc00040023ae000020ae5c80828f01004224c2
:103c0c004814400f5c8082af82ff401207004232a2
:103c1c0082ff40105d010524019d043c4427400fa8
:103c2c00889c84247eff0010251040023c29400f04
:103c3c00000000006880828f85ff40142580000002
:083c4c0059ff00100080023c4a
:020000040000fa
:020000041d00dd
:103c5400d0ffbd272c00bfaf2800b6af2400b5affe
:103c64002000b4af1c00b3af1800b2af1400b1af62
:103c74001000b0af258880002580a00025a8c000d2
:103c840025b0e0004000b48f050080144400b28fda
:103c9400691f0524019d043c4427400f4c9e842445
:103ca4000300022e040040146a1f0524019d043cf5
:103cb4004427400f4c9e8424a227400f000000009c
:103cc400050080122598400014000226801002008e
:103cd4000a10227e000082ae211030025c00549053
:103ce400ff009432020003245c0043a00500c22eae
:103cf4007800401080b01600009d073c103de7247a
:103d04000a38f67c0800e00000000000383d009d01
:103d1400243d009d803e009d9c3e009db43e009d40
:103d240080801000218030025000028e25a85500aa
:103d3400500015ae0100022443008216010016242f
:103d44002800228e04004010bf1f0524019d043c5e
:103d54004427400f4c9e84247c80828f650040144d
:103d64000180023c1400228e0800248e0c00238e55
:103d7400080083ac0800248e040064ac04002426ec
:103d84000400438c04006454140020ae0c00238e01
:103d9400040043ac140020ae0000438cffff6324f6
:103da400000043ac2c00258e9c80838f01000224ec
:103db4000410a200251043009c8082af0180023cc5
:103dc400189f4224801805002118650080180300fc
:103dd400211843000400638c080023ae0800658c9e
:103de4000c0025ae0400a4ac080064ac2c00258ea5
:103df4008020050021188500801803002118430045
:103e0400140023ae21208500802004000a10447c85
:103e140001004224000062acb480838f2c00228e07
:103e24002c00638c2b106200070040100100162444
:103e34000200401201000224000042ae01000224ec
:103e4400908082af010016240529400f25206002ce
:103e54002510c0022c00bf8f2800b68f2400b58f18
:103e64002000b48f1c00b38f1800b28f1400b18fe0
:103e74001000b08f0800e0033000bd2780801000e0
:103e8400218030025000028e01004224500002ae14
:103e9400a9ff0010010002241400102680801000e5
:103ea40021803002000015aea3ff0010010002249f
:103eb40002000224e4ff821225b000001400102640
:103ec4008080100021803002000015ae9aff00109f
:103ed40001000224a080828f96ff4010b41f0524a5
:103ee400019d043c4427400f4c9e842492ff001003
:103ef40001000224d0a344240400838c1c0023aebc
:103f04000800668c200026ae180025260400c5ace7
:103f1400080065ac280024aed0a3438c01006324c0
:083f2400bdff0010d0a343ac67
:020000040000fa
:020000041d00dd
:103f2c00d8ffbd272400bfaf2000b4af1c00b3af37
:103f3c001800b2af1400b1af1000b0af25888000ec
:103f4c002580a0002598c00025a0e0000300a22c2d
:103f5c00050040143800b28fef1e0524019d043c6f
:103f6c004427400f4c9e842404002016f01e052488
:103f7c00019d043c4427400f4c9e8424e223400fb7
:103f8c000000000004004012140002268010020001
:103f9c000a10227e000042ae211030025c005290ca
:103fac00ff005232020003245c0043a00500822e65
:103fbc007100401080a01400009d073cd83fe724fe
:103fcc000a38f47c0800e000000000000040009d6e
:103fdc00ec3f009d2c41009d4841009d6041009d9f
:103fec0080801000218030025000028e25985300f2
:103ffc00500013ae010002243e00421601001424ae
:10400c001400228e0800248e0c00238e080083ac32
:10401c000800248e040064ac040024260400438ca5
:10402c0004006454140020ae0c00238e040043ac36
:10403c00140020ae0000438cffff6324000043ac4f
:10404c002c00258e9c80838f010002240410a2007a
:10405c00251043009c8082af0180023c189f4224b3
:10406c0080180500211865008018030021184300f2
:10407c000400638c080023ae0800658c0c0025ae90
:10408c000400a4ac080064ac2c00258e8020050034
:10409c00211885008018030021184300140023ae5a
:1040ac0021208500802004000a10447c0100422459
:1040bc00000062ac2800228e04004010341f05243e
:1040cc00019d043c4427400f4c9e8424b480828f75
:1040dc002c00428c2c00238e2b104300050040102a
:1040ec000100142400680240000142340068824040
:1040fc00c00000009d21400f000000002510800230
:10410c002400bf8f2000b48f1c00b38f1800b28f17
:10411c001400b18f1000b08f0800e0032800bd27f9
:10412c0080801000218030025000028e0100422459
:10413c00500002aeb0ff0010010002241400102643
:10414c008080100021803002000013aeaaff001006
:10415c000100022402000224e6ff421225a0000006
:10416c00140010268080100021803002000013ae55
:10417c00a1ff001001000224a080828f9dff40103f
:10418c00251f0524019d043c4427400f4c9e84248c
:08419c0099ff0010010002244c
:020000040000fa
:020000041d00dd
:1041a400c8ffbd273400bfaf3000b3af2c00b2af9f
:1041b4002800b1af2400b0af009d123cfc4252264f
:1041c400019d133cc880828f0000508c0d000012aa
:1041d400000000000c00428c3c29400f0000508c71
:1041e4007722400f1000a4271000a68f1c00c010d7
:1041f400258840004814400f0000000021000010f2
:104204001000a0af3c29400f000000007722400faf
:104214001000a427258840001000a28ff5ff401449
:10422400c480828f0000468c0100c62c2328110212
:104234005422400fc080848f4814400f00000000b7
:10424400100040541000a0af006802400001423446
:1042540000688240c00000000a0000101000a0aff7
:104264002b105000f2ff4014232811024814400f71
:1042740000000000252820020124400f2520000210
:104284001000a0af1400a0af1800a0af25300000ac
:104294001000a5274413400fc080848fc9ff40102d
:1042a4001000a28ffaff4004253000001800b08fe0
:1042b400f8ff00121000a5271400028e030040101e
:1042c400000000005427400f040004267722400f0a
:1042d4001c00a427258840001000a28f0a00422c4d
:1042e400eaff40101000a28f801002000a10427ee4
:1042f40008004000000000009042009d2443009dff
:104304002443009d9843009da843009dec43009dd9
:104314002443009d2443009d9843009da843009d91
:104324002400029201004234240002a21400a28f4d
:104334001800058e2538400025302002212845002c
:104344009424400f25200002d1ff401025300000a6
:1043540024000292040043300b0060101400a58f67
:104364001800028e253020022128a200b024400f1c
:10437400252000022000028e09f8400025200002ba
:10438400c3ff0010253000000400027cf9ff001078
:10439400240002a2240002920400027cbbff00104d
:1043a400240002a22400029201004234240002a24a
:1043b4001400a28f04004014180002ae0e04052459
:1043c4004427400f609f64261800058e253820027c
:1043d40025302002212825029424400f25200002a4
:1043e400abff00102530000024000292020043308d
:1043f400050060140400027c4115400f25200002d2
:10440400a3ff001025300000a0ff0010240002a22a
:020000040000fa
:020000041d00dd
:10441400d8ffbd272400bfaf2000b2af1c00b1af4e
:104424001800b0af25808000050080142c00a5afd3
:1044340085060524019d043c4427400ff49f8424f1
:104444004000028e0400401089060524019d043cae
:104454004427400ff49f8424ae28400f000000003e
:10446400060040142c00a28f040040108e06052480
:10447400019d043c4427400ff49f842425880000b8
:1044840025900000e223400f000000003800028e57
:104494001c004010ffff4224380002ae0000028ed0
:1044a400050040541000028eb628400f00000000a2
:1044b400080002ae1000028e090040100000000047
:1044c4008416400f10000426050040100000000070
:1044d400006802400001423400688240c0000000cd
:1044e4009d21400f01001124251020022400bf8fbc
:1044f4002000b28f1c00b18f1800b08f0800e003b9
:104504002800bd272c00a28f0500401400000000e5
:104514009d21400f25880000f4ff00102510200283
:1045240003004016000000004129400f1000a4279a
:104534009d21400f000000003c29400f00000000b6
:10454400e223400f00000000440002922014027c89
:10455400ffff032401004350440000a245000292df
:104564002014027cffff032401004350450000a2f5
:104574009d21400f000000002c00a527dd1e400fe8
:104584001000a4272300401400000000be27400fa1
:104594002520000219004010000000000000028ed7
:1045a400080040142c00a58fe223400f00000000f7
:1045b400a317400f0800048e9d21400f258840005a
:1045c4002c00a58f7c25400f24000426a61d400f37
:1045d400252000024814400f00000000a9ff4054a9
:1045e4000100122400680240000142340068824045
:1045f400c0000000a3ff001001001224a61d400ffc
:10460400252000024814400f010012249dff0010d1
:1046140000000000a61d400f252000024814400f92
:1046240000000000be27400f2520000295ff401027
:1046340001001224adff201225102002e223400fb6
:10464400000000002400058e0500a01000000000fa
:104654003000028e0000428c070005242328a200ab
:104664004717400f0800048e9d21400f2588000045
:084674009eff0010251020023a
:020000040000fa
:020000041d00dd
:10467c00d0ffbd272c00bfaf2800b4af2400b3afd0
:10468c002000b2af1c00b1af1800b0af2580800085
:10469c002590a0003800a6af050080142588e00006
:1046ac00b9030524019d043c4427400ff49f842446
:1046bc0008004016020002244000028e0400401044
:1046cc00ba030524019d043c4427400ff49f842425
:1046dc000200022407002216010002243c00038e73
:1046ec0004006210bb030524019d043c4427400fc9
:1046fc00f49f8424ae28400f0000000006004014f4
:10470c003800a28f04004010be030524019d043c18
:10471c004427400ff49f842425980000e223400f87
:10472c00000000003800028e3c00038e2b1043006a
:10473c000300401402000224230022163800a28f2a
:10474c002530200225284002671e400f252000023c
:10475c002400038e14006010000000008416400f2b
:10476c0024000426050040100000000000680240f0
:10477c000001423400688240c00000009d21400fbf
:10478c0000000000010002242c00bf8f2800b48f11
:10479c002400b38f2000b28f1c00b18f1800b08f93
:1047ac000800e0033000bd27f4ff401000000000bb
:1047bc00006802400001423400688240c0000000e2
:1047cc00eeff001000000000050040140000000087
:1047dc009d21400f00000000ebff00102510000091
:1047ec0003006016000000004129400f1000a427b0
:1047fc009d21400f000000003c29400f00000000ec
:10480c00e223400f00000000440002922014027cbe
:10481c00ffff032401004350440000a24500029214
:10482c002014027cffff032401004350450000a22a
:10483c009d21400f000000003800a527dd1e400f11
:10484c001000a4271c00401400000000e223400fbd
:10485c00000000003800148e9d21400f3c00138e88
:10486c000f0093163800a58f7c25400f10000426ee
:10487c00a61d400f252000024814400f0000000028
:10488c00a6ff40540100132400680240000142348a
:10489c0000688240c0000000a0ff0010010013243b
:1048ac00a61d400f252000024814400f01001324c0
:1048bc009aff001000000000a61d400f25200002ea
:1048cc004814400f00000000afff0010251000003e
:020000040000fa
:020000041d00dd
:1048dc00e8ffbd271400bfaf1000b0af7c80828f03
:1048ec008100401400000000a080908f0100102671
:1048fc00a08090af1100001600000000b080828fe5
:10490c000000428c0400401092120524019d043cce
:10491c004427400f4c9e8424b080828fac80838fc0
:10492c00b08083afac8082af8c80828f0100422438
:10493c008c8082afcb27400f000000008480828fd8
:10494c002b1002021300401025100000b480838f3e
:10495c002c00648c80180400211864008020030053
:10496c000180033c189f63240a18647c0200632caa
:10497c00010004240a1083009080848f010003241a
:10498c000b1064001400bf8f1000b08f0800e00300
:10499c001800bd27010008240180063c189fc6247e
:1049ac00b080838f0000638c04006014ffff03242d
:1049bc00848083afe5ff001000000000b080838f7f
:1049cc000c00638c0c00638c0400648c2b28040298
:1049dc000400a0501400648c848084afdbff0010b2
:1049ec00000000000800678c0c00658c0800e5ac2a
:1049fc000800678c0400a7ac040065240400878cb5
:104a0c000400e554140060ac0c00678c040087ac07
:104a1c00140060ac0000878cffffe724000087ac1b
:104a2c002800648c110080502c00678c1c00698c51
:104a3c002000678c080027ad1c00698c0400e9acd1
:104a4c00180067240400898c04002755280060acea
:104a5c002000678c040087ac280060ac0000878cb9
:104a6c00ffffe724000087ac2c00678c9c80898fab
:104a7c000420e800252089009c8084af802007005a
:104a8c0021208700802004002120c4000400848c95
:104a9c00080064ac0800878c0c0067ac0400e5ac23
:104aac00080085ac2c00678c80200700212887002b
:104abc00802805002128c500140065ac2120870042
:104acc00802004000a20c47c010084240000a4acd3
:104adc00b480848f2c00638c2c00848c2b18830066
:104aec00afff00100b1003019480828f0100422451
:0c4afc00948082afa3ff00102510000082
:020000040000fa
:020000041d00dd
:104b0800c8ffbd273400bfaf3000b5af2c00b4af2d
:104b18002800b3af2400b2af2000b1af1c00b0af83
:104b2800448080af86bf133c0180103cb4a010269f
:104b38000180113cb09f3126019d143c86bf123c78
:104b48004480828f01000324190043500800022486
:104b58000700401002000324500043504180829314
:104b68007824400f0a000424f6ff00104480828f46
:104b78004180829301004224418082a32c21400f6e
:104b8800f8a38426800002243c0862ae01000224b7
:104b9800448082af25280000c323400f5480848faf
:104ba800e8ff40544480828f2028400f01000424ed
:104bb8003c0862ae4180829301004224418082a376
:104bc80025280000c323400f5080848f0300401421
:104bd800ffff07242028400f0100042401000624b9
:104be800408085271a16400f4c80848fd4ff4010d0
:104bf800408082931000a2a31100a0a36926400f51
:104c08001000a427408083930a0002241e00621427
:104c18003c80828fa426400f5480848f030040106c
:104c280001000524c323400f5480848fa426400f1d
:104c38005080848f0300401001000524c323400fd7
:104c48005080848f3c80868f2110d00040808393d1
:104c5800000043a00100c624252800021528400fa3
:104c6800252020023022400f4c80848f020002242d
:104c7800448082af3c80828f01004224388082af1a
:104c8800afff00103c8080af010044243c8084af1b
:104c980021105000aaff0010000043a00100422488
:104ca800418082a3800002243c0142ae000102241c
:104cb8003c0142ae000202243c0142ae3880858f9e
:104cc8000c22400f2520200225280000c323400f76
:104cd8005480848f01000224448082af3880958fed
:104ce8002530a002252800007128400f2520200229
:104cf8002530a002252800007128400f2520000239
:084d080090ff00104480828f2f
:020000040000fa
:020000041d00dd
:104d1000d0ffbd272c00bfaf2800b3af2400b2af37
:104d20002000b1af1c00b0af258080002590a0000e
:104d3000050080143800a6afec050524019d043c55
:104d40004427400ff49f8424070040160000000011
:104d50004000028e04004010f0050524019d043c33
:104d60004427400ff49f8424ae28400f0000000029
:104d7000060040143800a28f04004010f5050524f9
:104d8000019d043c4427400ff49f84242598000093
:104d9000e223400f000000003800118e1a0020129c
:104da000252840022b26400f25200002ffff312638
:104db000380011ae1000028e090040100000000003
:104dc0008416400f1000042605004010000000006b
:104dd000006802400001423400688240c0000000c8
:104de0009d21400f00000000010002242c00bf8f15
:104df0002800b38f2400b28f2000b18f1c00b08f29
:104e00000800e0033000bd273800a28f05004014e1
:104e1000000000009d21400f00000000f3ff001083
:104e20002510000003006016000000004129400f1b
:104e30001000a4279d21400f000000003c29400fd6
:104e400000000000e223400f000000004400029236
:104e50002014027cffff032401004350440000a201
:104e6000450002922014027cffff032401004350fe
:104e7000450000a29d21400f000000003800a5273a
:104e8000dd1e400f1000a427190040140000000090
:104e9000be27400f252000020f0040103800a58fcc
:104ea0007c25400f24000426a61d400f252000026b
:104eb0004814400f00000000b5ff405401001324c7
:104ec000006802400001423400688240c0000000d7
:104ed000afff001001001324a61d400f2520000283
:104ee0004814400f01001324a9ff00100000000027
:104ef000a61d400f252000024814400f00000000ae
:104f0000be27400f25200002f1ff401025100000b1
:084f1000b7ff00102c00bf8f59
:020000040000fa
:020000041d00dd
:104f1800c0ffbd273c00bfaf3800b5af3400b4af09
:104f28003000b3af2c00b2af2800b1af2400b0af4f
:104f38002580800025a8a0002598c0000500a014a1
:104f48004c00a7af35030524019d043c4427400fbe
:104f5800c09e84240400001636030524019d043ce9
:104f68004427400fc09e84240800128e1c00029221
:104f78000100423010004010ffff52260400712645
:104f88002b1071020400401445030524019d043cc4
:104f98004427400fc09e84242b9051020a004012df
:104fa8004c00a28f4c00a0af1c25400f252000020a
:104fb8002f000010259040002b8853020a907102a0
:104fc800258840024c00a28ff7ff40100000000027
:104fd8007d26400f1800a427019d143cc09e9426ee
:104fe800e223400f000000001c25400f252000028e
:104ff800259040002b105100430040100000000095
:105008002000058eb420400f252000001400028ed9
:1050180003004010750305244427400f2520800213
:105028005929400f00000000140002ae9d21400fd6
:10503800000000004c00a28f1000a2af253800002d
:105048002530000025280000b015400f2000048ef0
:10505800140000ae4c00a527dd1e400f1800a42741
:10506800dfff401000000000cfff401200000000ea
:105078001000b1af25384002253060022528a00273
:105088000521400f2520000215004010258840000a
:105098005d28400f252000020c00038e2b104300d2
:1050a80010004014251020023c29400f0000000089
:1050b8001000028e08004010000000001000048e4e
:1050c8001000a0af2538000025300000cb0f400f9e
:1050d8002000058e100000ae4814400f00000000ac
:1050e800251020023c00bf8f3800b58f3400b48fe4
:1050f8003000b38f2c00b28f2800b18f2400b08ffe
:105108000800e0034000bd279d21400f000000007b
:08511800d5ff001000000000ab
:020000040000fa
:020000041d00dd
:10512000e0ffbd271c00bfaf1800b1afe223400f66
:105130001400b0af7c80828f04004014c10f05249e
:10514000019d043c4427400f4c9e84247c80828f28
:10515000ffff42247c8082af7c80828f0400401459
:1051600025800000a480828f670040142510000075
:105170009d21400f00000000251000021c00bf8f81
:105180001800b18f1400b08f0800e0032000bd2785
:105190000c00428c2800438c1c00448c2000468c60
:1051a000080086ac2000448c1c00468c040086acb1
:1051b000180044240400668c0400c454280040ac49
:1051c0002000448c040064ac280040ac0000648cd7
:1051d000ffff8424000064ac1400438c0800468c5c
:1051e0000c00448c0800c4ac0800468c040086ac5b
:1051f000040044240400668c0400c454140040ac31
:105200000c00468c040066ac140040ac0000668cb8
:10521000ffffc624000066ac2c00468c9c808a8f61
:105220000418c70025186a009c8083af8018060008
:1052300021186600801803002118a3000400638c65
:10524000080043ac0800668c0c0046ac0400c4acfb
:10525000080064ac2c00468c8018060021206600f3
:10526000802004002120a400140044ac2118660012
:10527000801803000a18a37c01006324000083ac9b
:10528000b480848f2c00438c2c00848c2b188300da
:1052900001006054908087afd0a3038dbcff6054a1
:1052a0000c00228d0300401000000000cb27400faf
:1052b000000000009480908f09000012010011246a
:1052c0003712400f0000000001004054908091af61
:1052d000ffff1026faff001600000000948080af48
:1052e0009080908fa2ff001200000000b480828f97
:1052f000006802400001423400688240c0000000a3
:105300009bff0010010010240180083cd0a3092558
:10531000010007240180053cdfff0010189fa52431
:020000040000fa
:020000041d00dd
:10532000e0ffbd271c00bfaf1800b2af1400b1af43
:105330001000b0afe223400f25808000a480828f50
:1053400001004224a48082afb480828f62004014a6
:1053500000000000b48090afa480838f010002247d
:10536000280062140180043ca628400f189f842462
:105370000180043ca628400f2c9f84240180043c1b
:10538000a628400f409f84240180043ca628400f9b
:10539000549f84240180043ca628400f689f8424e5
:1053a0000180043ca628400f7c9f84240180043c9b
:1053b000a628400f909f84240180123ca628400f0d
:1053c000f8a344260180113ca628400fe4a324261c
:1053d0000180043ca628400fd0a384240180043c13
:1053e000a628400fbca384240180043ca628400fbb
:1053f000a8a38424f8a35226b08092afe4a3312658
:10540000ac8091af8880828f01004224888082af77
:105410002c00048e9c80838f0100022404108200e3
:10542000251043009c8082af0180023c189f4224db
:10543000801804002118640080180300211843001c
:105440000400638c080003ae0800658c0c0005aef8
:10545000040004260400a4ac080064ac2c00058ef3
:1054600080200500211885008018030021184300c2
:10547000140003ae21208500802004000a10447c23
:10548000010042249d21400f000062ac9880828f71
:105490000c0040101c00bf8fb480828f2c00428c07
:1054a0002c00038e2b104300070040101800b28f11
:1054b000006802400001423400688240c0000000e1
:1054c0001c00bf8f1800b28f1400b18f1000b08f76
:1054d0000800e0032000bd279880828fcaff401497
:1054e0008880828fb480828f2c00428c2c00038ea7
:1054f0002b106200c3ff4050b48090afc2ff001079
:045500008880828f8e
:020000040000fa
:020000041d00dd
:105504006c00801000000000e0ffbd271c00bfaf4e
:105514001800b2af1400b1af1000b0aff8ff902480
:105524000080023cc80042242b10020206004014f2
:10553400259080000080023c276e42242b105000ee
:1055440006004050fcff428e70010524019d043c7e
:105554004427400f889c8424fcff428e04004004ae
:1055640071010524019d043c4427400f889c842438
:10557400f8ff428e4a00401072010524019d043c4c
:105584004427400f889c8424fcff428e3b00410446
:105594001c00bf8ff8ff438e390060541800b28f8f
:1055a40000f0427c3c29400ffcff42aefcff438ede
:1055b4006480828f21104300648082af6c809127c5
:1055c4000000228e2b185000fdff605425884000f7
:1055d4006c8082270d0022120080023cc800422405
:1055e4002b102202050040140080023c276e422446
:1055f4002b105100060040500400238e060205249f
:10560400019d043c4427400f889c84240400238e7d
:1056140021102302060002560400048efcff428e71
:1056240021104300040022ae258020020400048ed1
:105634000000228e21180402170043146880838f0f
:1056440007004350000003ae0400428c21104400c4
:10565400040002ae0000228e0000428c000002ae64
:1056640001003056000030ae5880828f0100422481
:105674004814400f588082af1c00bf8f1800b28faf
:105684001400b18f1000b08f0800e0032000bd2784
:10569400f3ff0010000003aef1ff0010000002aea3
:1056a400fcff428ebeff40041c00bf8ff4ff0010bd
:0c56b4001800b28f0800e00300000000a6
:020000040000fa
:020000041d00dd
:1056c000d8ffbd272400bfaf2000b4af1c00b3af8c
:1056d0001800b2af1400b1af1000b0af2580800049
:1056e0002590a0002588c0002598e0000300822caa
:1056f000050040143800b48f7b1e0524019d043c36
:105700004427400f4c9e8424b480828f2110500087
:105710005c004290ff00423002000324120043105c
:105720000000000010008012000000003c29400f23
:1057300000000000e223400f00000000b480828fd0
:10574000211050005c004290ff0042300200032410
:105750002b004314000000009d21400f00000000ba
:105760004814400f00000000e223400f000000003a
:105770000600601200000000b480828f140003262f
:10578000801803000a10437c000062aeb480828f50
:10579000211050005c004290ff00423002000324c0
:1057a0000900431425900000b480828f80181000f7
:1057b000211043005000438c2788110024882302c5
:1057c000500051ac01001224b480828f218050001f
:1057d0005c0000a29d21400f000000002510400247
:1057e0002400bf8f2000b48f1c00b38f1800b28f2d
:1057f0001400b18f1000b08f0800e0032800bd270f
:10580000b480828f80181000211043005000438c18
:105810002790120024904302500052acb480828f33
:1058200021105000010003245c0043a09d21400f83
:105830000000000001000524331b400f25208002da
:105840004814400f00000000c7ff40140000000093
:10585000006802400001423400688240c00000003d
:08586000c1ff00100000000070
:020000040000fa
:020000041d00dd
:10586800c8ffbd273400bfaf3000b5af2c00b4afc0
:105878002800b3af2400b2af2000b1af1c00b0af16
:105888002580800025a0a00025a8c0000500a01440
:105898002598e00027040524019d043c4427400f77
:1058a800c09e84240400001628040524019d043c9d
:1058b8004427400fc09e84241c00029201004330fc
:1058c8000500601404001124040042300200401056
:1058d800258800000c00118e4300601200000000b3
:1058e800e223400f000000005d28400f2520000241
:1058f800259040002b1022023f00401400000000b9
:105908002000058eb420400f252000001000028ed4
:105918000400401053040524019d043c4427400f13
:10592800c09e84245929400f00000000100002aed8
:105938009d21400f000000001000b3af2538000083
:105948002530000025280000b015400f2000048ee7
:10595800100000ae5d28400f252000022590400071
:105968002b883202160020122598000025384002a4
:105978002530a002252880023620400f252000026d
:105988000f004010259840003c29400f00000000ff
:105998001400028e08004010000000001400048e5d
:1059a8001000a0af2538000025300000cb0f400fb5
:1059b8002000058e140000ae4814400f00000000bf
:1059c800251060023400bf8f3000b58f2c00b48fd3
:1059d8002800b38f2400b28f2000b18f1c00b08f35
:1059e8000800e0033800bd275d28400f252000028d
:1059f800dbff0010259040009d21400f00000000b3
:085a0800dbff0010253840020d
:020000040000fa
:020000041d00dd
:105a1000e8ffbd271400bfaf1000b0af0c00828cb0
:105a20000c00508c040000162a150524019d043c2e
:105a30004427400f4c9e84242800028e1c00048eb4
:105a40002000038e080083ac1c00048e040064acac
:105a5000180004260400438c04006454280000ae9f
:105a60002000038e040043ac280000ae0000438ced
:105a7000ffff6324000043ac7c80828f3a00401417
:105a80000180023c1400028e0800048e0c00038e7c
:105a9000080083ac0800048e040064ac04000426f3
:105aa0000400438c04006454140000ae0c00038e08
:105ab000040043ac140000ae0000438cffff6324dd
:105ac000000043ac2c00058e9c80838f01000224d3
:105ad0000410a200251043009c8082af0180023c8c
:105ae000189f4224801805002118650080180300c3
:105af000211843000400638c080003ae0800658c85
:105b00000c0005ae0400a4ac080064ac2c00058eab
:105b1000802005002118850080180300211843000b
:105b2000140003ae21208500802004000a10447c6c
:105b300001004224000062acb480828f2c00038eee
:105b40002c00428c2b18430003006010251000002d
:105b500001000224908082af1400bf8f1000b08f2c
:105b60000800e0031800bd27d0a345240400a38c3f
:105b70001c0003ae0800668c200006ae0400c4ac16
:105b8000080064ac280005aed0a3438c0100632458
:085b9000e9ff0010d0a343acb3
:020000040000fa
:020000041d00dd
:105b9800d0ffbd272c00bfaf2800b6af2400b5af9b
:105ba8002000b4af1c00b3af1800b2af1400b1afff
:105bb8001000b0af258080002588a00025a8c0006f
:105bc8000500801425b0e00093040524019d043ce1
:105bd8004427400ff49f8424080020160200022462
:105be8004000028e0400401094040524019d043cea
:105bf8004427400ff49f8424020002243b00c2166d
:105c0800010002243c00038e040062109504052460
:105c1800019d043c4427400ff49f8424a227400f91
:105c28000000000025a040003800028e45001292b6
:105c3800209c127c3800028e2530c00225282002c4
:105c4800671e400f25200002ffff0224180062167d
:105c5800000000002400028e0800401001001124fa
:105c68008416400f240004260400401000000000a1
:105c78000200a012010002240000a2ae0529400f74
:105c880025208002251020022c00bf8f2800b68f07
:105c98002400b58f2000b48f1c00b38f1800b28f7a
:105ca8001400b18f1000b08f0800e0033000bd274a
:105cb8005629400f010011242b106202efff4010fb
:105cc8007f0002240400621621050524019d043c7e
:105cd8004427400ff49f8424010052262094127c0c
:105ce800450012a2e5ff001001001124a227400f71
:105cf8000000000025a040003800028e3c00038e02
:105d08002b104300c9ff401400000000dbff001007
:045d180025880000da
:020000040000fa
:020000041d00dd
:105d1c005900801000000000e0ffbd271c00bfaf41
:105d2c001800b1af1400b0af2588a0004c00828cd5
:105d3c000500401425808000c11a0524019d043cf7
:105d4c004427400f4c9e84244800058e2b10b10034
:105d5c000a88a2002c00028e42005110010002247d
:105d6c004c00038e400062141c00bf8fb480828fe5
:105d7c0004005014dc1a0524019d043c4427400ff8
:105d8c004c9e84242c00038e2c0011ae1800028e25
:105d9c0003004004070005242388b100180011ae4d
:105dac008010030021104300801802000180023c87
:105dbc00189f4224211043001400038e2900621402
:105dcc00040011265427400f2520200209004054be
:105ddc002c00048e9c80838f2c00048e01000224e6
:105dec000410820027100200241043009c8082af14
:105dfc002c00048e9c80838f0100022404108200ee
:105e0c00251043009c8082af0180023c189f4224e5
:105e1c008018040021186400801803002118430026
:105e2c000400638c080003ae0800648c0c0004ae04
:105e3c00040091ac080071ac2c00058e802005008c
:105e4c00211885008018030021184300140003aeac
:105e5c0021208500802004000a10447c010042248b
:105e6c00000062ac1c00bf8f1800b18f1400b08f03
:105e7c000800e0032000bd270800e003000000003c
:020000040000fa
:020000041d00dd
:105e8c005700801025100000e0ffbd271c00bfaf9d
:105e9c001800b1af1400b0af2c00838cb480828f8b
:105eac002c00428c2b1062004800401000000000b7
:105ebc001800828c0700400480100300b480828f8d
:105ecc002c00458c0700022423104500180082acde
:105edc008010030021104300801802000180023c56
:105eec00189f4224211043001400838c320062144a
:105efc0025808000040091245427400f2520200287
:105f0c0008004014000000009c80838f2c00048e3d
:105f1c000100022404108200271002002410430008
:105f2c009c8082afb480828f2c00448c2c0004aef9
:105f3c009c80838f010002240410820025104300f2
:105f4c009c8082af0180023c189f42248018040080
:105f5c002118640080180300211843000400638c8e
:105f6c00080003ae0800648c0c0004ae040091ac75
:105f7c00080071ac2c00058e8020050021188500ce
:105f8c008018030021184300140003ae2120850063
:105f9c00802004000a10447c01004224000062ac02
:105fac00010002241c00bf8f1800b18f1400b08fa9
:105fbc000800e0032000bd27b480828f2c00428ca7
:105fcc002c0082acf7ff001001000224b480838ff8
:105fdc004800828c2c00638cf2ff00102b104300c5
:085fec000800e00300000000c2
:020000040000fa
:020000041d00dd
:105ff4008003022486bf033c300162ac86bf033cad
:10600400140162ac86bf033c040162ac86bf023c4f
:1060140012000324040243ac0080023486bf033c14
:10602400580262ac86bf033c780262ac86bf033c74
:106034002002638c81bf033c0001043cf80064ac83
:1060440086bf043c00200524040585ac8800042494
:1060540086bf053c3008a4ac86bf053c1408a4ac3c
:1060640086bf043c70000524580885ac86bf043cf8
:10607400780882ac86bf023c2008428c0040023c77
:10608400f80062ac8000022486bf033c300962ac95
:1060940086bf033c140962ac80bf023c300040acb4
:1060a40099aa033c55666324300043ac6655033c0f
:1060b400aa996334300043ac80bf033c0000648c75
:1060c400446b047c000064ac80bf043c0a000524db
:1060d400681485ac80bf043c09000524901485ac89
:1060e4000100052480bf043c901585ac80bf043cae
:1060f40004000624481686ac0000648c446ba47c1f
:10610400000064ac300040ac0180023c2f0003244a
:1061140004a343ac04a34224840003240c0043ac32
:1061240085000324180043ac86000324240043acf8
:10613400040040ac100040ac1c0040ac280040ac53
:086144000800e0030000000068
:020000040000fa
:020000041d00dd
:10614c00e8ffbd271400bfaf1000b0af7c80828f7a
:10615c000600401001000224908082af1400bf8f13
:10616c001000b08f0800e0031800bd27908080afae
:10617c00b480838fb480828fb480848f0000428c73
:10618c003000848c2b1082001400401000000000a2
:10619c003000628c0000448ca5a5033ca5a563349b
:1061ac000e008314a5a5033c0400448ca5a5633400
:1061bc000a008314a5a5033c0800448ca5a56334f0
:1061cc0006008314000000000c00438ca5a5023cc3
:1061dc00a5a542340500621000000000b480858f34
:1061ec00b480848fe527400f3400a5249c80908fc9
:1061fc00201002721f001024238002028010100055
:10620c0021105000801802000180023c189f42248b
:10621c000a10437c040040142f140524019d043cf7
:10622c004427400f4c9e84240180033c189f632418
:10623c0080101000212050008020040021206400d8
:10624c000400858c0400a58c2110500080100200e5
:10625c0008004224211062000300a214040085ac43
:10626c000c00838c040083ac0180023c801810006d
:10627c002180700080181000189f50242180030288
:10628c000400028e0c00428cb48082afb480828fea
:08629c00b3ff00101400bf8fd6
:020000040000fa
:020000041d00dd
:1062a400b8ffbd274400bfaf4000b5af3c00b4af5a
:1062b4003800b3af3400b2af3000b1af2c00b0af90
:1062c40025a080002588a00025a8c0002598e0000e
:1062d4000500e0145800b08fbc010524019d043c66
:1062e4004427400fc09e842404000016bd010524e9
:1062f400019d043c4427400fc09e84242b1091022e
:1063040004004010be010524019d043c4427400fb5
:10631400c09e8424010002242a00a2160a88510087
:106324000500822e0500401003001224d00105242c
:10633400019d043c4427400fc09e84242400022471
:106344002000a2af2000a38f04006210e401052402
:10635400019d043c4427400fc09e84240f006052da
:10636400258060020d0000126000a28f1800a2af09
:106374005c00a28f1400a2af1000b2af2538200237
:1063840025308002252860029a22400f2520000231
:106394001c000292020042341c0002a225100002da
:1063a4004400bf8f4000b58f3c00b48f3800b38fda
:1063b4003400b28f3000b18f2c00b08f0800e0039e
:1063c4004800bd2702000224dcffa21602001224aa
:1063d400daff801606001224d6010524019d043c30
:1063e4004427400fc09e8424d5ff001024000224bb
:020000040000fa
:020000041d00dd
:1063f40081bf033c4011628c0001427c4011638cdc
:106404008001637c040060540180023c060040105b
:10641400252000000180023c34a042240100032412
:10642400140043ac0400042481bf023c4011428c9c
:106434004000427c0900401081bf023c020003245a
:10644400441143ac0180023c34a0422401000324e3
:10645400140043ac100040a00200042481bf023c9d
:106464004011428cc000427c0900401081bf023cb4
:1064740058000324441143ac0180023c34a042245c
:1064840001000324140043ac100040a001000424c4
:1064940081bf023c4011428c010042301000401088
:1064a40081bf023c01000324441143ac0180023c3f
:1064b40034a0422402000324140043ac100040a082
:1064c40081bf033c80000424840064ac1800428c27
:1064d4000d004054020004240800e0030000000002
:1064e40081bf023c80000324840043ac0180023c51
:1064f40034a042241800428c0e004010000000001a
:106504000c00801000000000e8ffbd271400bfaf9e
:106514000180023c34a042241c00458c1800428cab
:1065240009f84000000000001400bf8f0800e003d9
:0c6534001800bd270800e0030000000074
:020000040000fa
:020000041d00dd
:1065400081bf033c0015628c0001427c0015638c06
:106550008001637c040060540180023c060040100e
:10656000252000000180023c34a0422401000324c5
:10657000640043ac0400042481bf023c0015428c3b
:106580004000427c0900401081bf023c020003240d
:10659000041543ac0180023c34a0422401000324d2
:1065a000640043ac600040a00200042481bf023cb0
:1065b0000015428cc000427c0900401081bf023ca3
:1065c00058000324041543ac0180023c34a042244b
:1065d00001000324640043ac600040a001000424d7
:1065e00081bf023c0015428c010042301000401077
:1065f00081bf023c01000324041543ac0180023c2e
:1066000034a0422402000324640043ac600040a094
:1066100081bf033c00100424840064ac6800428cf9
:106620000d004054020004240800e00300000000b4
:1066300081bf023c00100324840043ac0180023c73
:1066400034a042246800428c0e004010000000007c
:106650000c00801000000000e8ffbd271400bfaf51
:106660000180023c34a042246c00458c6800428cbe
:1066700009f84000000000001400bf8f0800e0038c
:0c6680001800bd270800e0030000000027
:020000040000fa
:020000041d00dd
:10668c0081bf033c8010628c0001427c8010638cc3
:10669c008001637c040060540180023c06004010c1
:1066ac00252000000180023c34a042240100032478
:1066bc00040043ac0400042481bf023c8010428cd3
:1066cc004000427c0900401081bf023c02000324c0
:1066dc00841043ac0180023c34a043240100042408
:1066ec00040064ac34a040a00200042481bf023c2e
:1066fc008010428cc000427c0800401081bf023cdc
:10670c0058000324841043ac0180023c34a0432481
:10671c0001000424040064ac34a040a081bf023cfe
:10672c008010428c010042301000401081bf023cae
:10673c0001000324841043ac0180033c34a0622488
:10674c0002000424040044ac34a060a081bf033ccc
:10675c0040000424840064ac0800428c0d004054ba
:10676c00020004240800e0030000000081bf023c8a
:10677c0040000324840043ac0180023c34a042243a
:10678c000800428c0e004010000000000c0080102d
:10679c0000000000e8ffbd271400bfaf0180023ce1
:1067ac0034a042240c00458c0800428c09f84000af
:1067bc00000000001400bf8f0800e0031800bd2784
:0867cc000800e00300000000da
:020000040000fa
:020000041d00dd
:1067d400d0ffbd272c00bfaf2800b5af2400b4af55
:1067e4002000b3af1c00b2af1800b1af1400b0afbb
:1067f400258080000500801425a8a00043050524f9
:10680400019d043c4427400ff49f84244000028ee1
:106814000400401047050524019d043c4427400f13
:10682400f49f84240000028e07004014000000003e
:106834000800028e040040104c050524019d043c10
:106844004427400ff49f8424a227400f0000000037
:1068540025a040003800028e3c00038e2b18430014
:10686400120060102588000045001292209c127cc2
:1068740001004224380002aeffff02241700621612
:10688400000000002400028e0800401001001124c2
:106894008416400f24000426040040100000000069
:1068a4000200a012010002240000a2ae0529400f3c
:1068b40025208002251020022c00bf8f2800b58fd0
:1068c4002400b48f2000b38f1c00b28f1800b18f46
:1068d4001400b08f0800e0033000bd275629400f94
:1068e400010011242b106202f0ff40107f000224eb
:1068f40004006216ce050524019d043c4427400f84
:10690400f49f8424010052262094127c450012a294
:08691400e6ff00100100112450
:020000040000fa
:020000041d00dd
:10691c004d00801025100000e0ffbd271c00bfaf0c
:10692c001800b1af1400b0af25808000b480828f06
:10693c0004004410631a0524019d043c4427400fb5
:10694c004c9e84244c00028e04004014641a0524ce
:10695c00019d043c4427400f4c9e84244c00038e24
:10696c00ffff63244c0003ae2c00058e4800048e00
:10697c003000a410251000002e0060140400112615
:10698c005427400f25202002090040544800048e53
:10699c009c80838f2c00048e010002240410820042
:1069ac0027100200241043009c8082af4800048e04
:1069bc002c0004ae0700022423104400180002ae81
:1069cc009c80838f01000224041082002510430058
:1069dc009c8082af0180023c189f422480180400e6
:1069ec002118640080180300211843000400638cf4
:1069fc00080003ae0800648c0c0004ae040091acdb
:106a0c00080071ac2c00058e802005002118850033
:106a1c008018030021184300140003ae21208500c8
:106a2c00802004000a10447c01004224000062ac67
:106a3c00010002241c00bf8f1800b18f1400b08f0e
:106a4c000800e0032000bd270800e0030000000060
:020000040000fa
:020000041d00dd
:106a5c00c8ffbd273400bfaf3000b7af2c00b6afb6
:106a6c002800b5af2400b4af2000b3af1c00b2af08
:106a7c001800b1af1400b0af25a880002588a00085
:106a8c0025b0e0004800b78f4c00b48f5000b08f99
:106a9c008090060025304002a50005247128400f87
:106aac003000048e0e0020123000138e0000228263
:106abc000a004010340002a20100222635000326f1
:106acc00100031260000448004008010000064a0f7
:106adc0001004224fbff511401006324430000a277
:106aec000700e22e040040147a070524019d043ca3
:106afc004427400f4c9e84240700f12e06000224ec
:106b0c000b10f102258840002c0002ae480002aeaa
:106b1c005e29400f040004265e29400f180004264d
:106b2c00100010ae0700022423885100180011ae8b
:106b3c00240010aefcff5226219072022530c002b8
:106b4c002528a002252040023625400f0410047c85
:106b5c0002008012000002ae000090ae3400bf8f25
:106b6c003000b78f2c00b68f2800b58f2400b48f5f
:106b7c002000b38f1c00b28f1800b18f1400b08f9f
:086b8c000800e0033800bd27fa
:020000040000fa
:020000041d00dd
:106b9400b8ffbd274400bfaf4000b5af3c00b4af61
:106ba4003800b3af3400b2af3000b1af2c00b0af97
:106bb400259080002598a00025a0c00025a8e0000d
:106bc4005c00b18f6000b08f050020162000a0afdc
:106bd40007050524019d043c4427400f4c9e842452
:106be4002e00001608050524019d043c4427400f8f
:106bf4004c9e8424600002242400a2af2400a38fae
:106c04002e00621010050524019d043c4427400f0a
:106c14004c9e84242400a28f170000122000a28f0f
:106c24001400201260000624252800007128400f5b
:106c340025200002300011ae020002245f0002a2ef
:106c44001c00a0af1800b0af2000a2271400a2af10
:106c54005800a28f1000a2af2538a0022530800270
:106c640025286002971a400f25204002c814400fbf
:106c7400252000022000a28f4400bf8f4000b58f62
:106c84003c00b48f3800b38f3400b28f3000b18f22
:106c94002c00b08f0800e0034800bd2760000224e8
:106ca4002400a2af2400a38fd7ff6214100505248b
:106cb4002400a28fdaff0010000000002400a28f3d
:086cc400edff00102000a28f7b
:020000040000fa
:020000041d00dd
:106ccc00d8ffbd272400bfaf2000b4af1c00b3af6a
:106cdc001800b2af1400b1af1000b0af2580800027
:106cec0025a0a000a080918fb080928fac80938f54
:106cfc00b480848f5427400f040084240a0040146d
:106d0c00ffff0224b480828f9c80838f2c00448ce4
:106d1c0001000224041082002710020024104300fa
:106d2c009c8082afffff02241e000256218030029d
:106d3c001b0080120180023ca8a345240400a38cf4
:106d4c00b480848f080083acb480848f0800668c78
:106d5c000c0086acb480848f040084240400c4ac82
:106d6c00b480848f04008424080064acb480838fc6
:106d7c00140065aca8a3438c01006324a8a343ac06
:106d8c002400bf8f2000b48f1c00b38f1800b28f6b
:106d9c001400b18f1000b08f0800e0032800bd274d
:106dac0021803002b480828f2b88110207002012c0
:106dbc00040050acb480858f0400a524d625400f68
:106dcc0025206002efff00102400bf8fb480858f58
:106ddc000400a524d625400f252040028480828ff4
:106dec002b100202e6ff4054848090afe5ff0010a8
:046dfc002400bf8f21
:020000040000fa
:020000041d00dd
:106e00000180023cd0a242242c004290ff0042307c
:106e1000430040100180023cd0a242241c00438c5d
:106e20002000428c82bf043c102a848c01008430f4
:106e3000190080102b204300170080100180043cb3
:106e400082bf093c0600082482bf063cd0a28424ed
:106e500082bf073c002a258d0600a5302b00a81410
:106e600000000000302aca8c1800858c40580200af
:106e70002128ab000000aaa401004224102ae58cbe
:106e80000100a5300500a0500180043cf1ff621410
:106e900000000000251060000180043cd0a2842482
:106ea000200082ac81bf023c0020053c940045ac30
:106eb0002000828c2b1843001900601425108000dc
:106ec0002c0080a081bf033c0010043c140164ac82
:106ed0000020043c140164ac2400428c10004010db
:106ee0000180023ce8ffbd271400bfafd0a24224be
:106ef0002800448c2400428c09f840000000000067
:106f00001400bf8f0800e0031800bd27302aca8c88
:106f10001800858c2128a200d7ff00100000aaa02d
:086f20000800e003000000007e
:020000040000fa
:020000041d00dd
:106f28000180023cd0a2422414004290ff0042306b
:106f380043004010000000000180023cd0a242241f
:106f48000400438c0800428c82bf043c102a848cc5
:106f580000028430180080142b2043001600801093
:106f680082bf053c82bf093c060008240180063c1c
:106f780082bf073c002a248d060084302b00881429
:106f880000000000d0a2c48c4050020021208a00da
:106f980000008494202aa4ac01004224102ae48c26
:106fa80000028430050080140180043cf1ff621463
:106fb80000000000251060000180043cd0a2842459
:106fc800080082ac81bf023c0040053c940045acff
:106fd8000800828c2b184300190060140000000080
:106fe80025108000140080a081bf033c0040043cb1
:106ff800140164ac0c00428c110040100000000029
:10700800e8ffbd271400bfaf0180023cd0a2422494
:107018001000448c0c00428c09f84000000000006d
:107028001400bf8f0800e0031800bd27d0a2c48c4d
:107038008a21827c202aa4acd8ff001001004224b7
:087048000800e0030000000055
:020000040000fa
:020000041d00dd
:10705000d0ffbd272c00bfaf2800b5af2400b4afd0
:107060002000b3af1c00b2af1800b1af1400b0af36
:107070002590800025a0a0002580c0001800c01425
:107080002598e000cb050524019d043c4427400fd2
:10709000c09e84240800428e2b1053001900401417
:1070a00025880002218013020800438e2b10030262
:1070b000231803020a806200251000022c00bf8ff3
:1070c0002800b58f2400b48f2000b38f1c00b28f2e
:1070d0001800b18f1400b08f0800e0033000bd2706
:1070e0000800828c231847002b88c3000b18d1009e
:1070f000258860002118e3002b1043000600405053
:107100001800448ed3050524019d043c4427400ffc
:10711000c09e84241800448e253020022528800239
:107120001528400f212093002b103002ddff401066
:1071300023a811020800428e2b10550004004010b5
:10714000db050524019d043c4427400fc09e842498
:107150002530a002212891021528400f1800448ee6
:08716000d1ff00102180130291
:020000040000fa
:020000041d00dd
:10716800e0ffbd271c00bfaf1800b1af11008014ad
:107178001400b0af37010524019d043c4427400f9b
:10718800f49f84246c010524019d043c4427400f8e
:10719800f49f84243000001025100000a628400f1a
:1071a80010000426a628400f2400042627000010fb
:1071b80000000000258080003c00828cf1ff401018
:1071c8002588a0004000038e19004300101000001d
:1071d800edff40146c010524e223400f000000007d
:1071e8000000048e4000058e3c00038e0210a37040
:1071f80021188200080003ae380000ae040004ae77
:1072080023104500211082000c0002aeffff02246b
:10721800440002a2450002a2e0ff20160000000080
:107228001000028e09004010000000008416400f74
:10723800100004260500401000000000006802400d
:107248000001423400688240c00000009d21400fc8
:1072580000000000010002241c00bf8f1800b18f3d
:0c7268001400b08f0800e0032000bd27d8
:020000040000fa
:020000041d00dd
:10727400d8ffbd272400bfaf2000b4af1c00b3afbc
:107284001800b2af1400b1af1000b0af2590800069
:1072940025a0a0002580c0001700c0142598e00098
:1072a400f9050524019d043c4427400fc09e842415
:1072b4000800428e2b1053001f0040142588000242
:1072c400218013020800438e2b10030223180302ab
:1072d4000a806200251000022400bf8f2000b48fb2
:1072e4001c00b38f1800b28f1400b18f1000b08f40
:1072f4000800e0032800bd270800918c2310270212
:107304002b88c2000b10d100258840002b10c2002e
:107314000400401002060524019d043c4427400f4c
:10732400c09e8424211071020800438e2b10620039
:10733400060040501800458e03060524019d043cb8
:107344004427400fc09e84241800458e2530200217
:107354002128b3001528400f252080022b1030026d
:10736400d7ff4010233011021800458e1528400f16
:0c73740021209102d3ff001021801302a1
:020000040000fa
:020000041d00dd
:10738000d0ffbd272c00bfaf2800b4af2400b3af9f
:107390002000b2af1c00b1af1800b0af2580800054
:1073a00025a0a0002590c0000500a0142598e000ad
:1073b000ba030524019d043c4427400fc09e842449
:1073c00004000016bb030524019d043c4427400f24
:1073d000c09e84241c001192010031320400422618
:1073e0000a105102258840001c25400f252000026c
:1073f0001000b1af2538400025304002252880021a
:107400000521400f2520000217004010258840006c
:107410005d28400f252000020c00038e2b10430036
:107420001200401425102002a227400f0000000087
:10743000259040001000028e09004010000000005e
:107440001000048e1400b3af1000a0af2538000068
:1074500025300000150f400f2000058e100000aef3
:107460000529400f25204002251020022c00bf8f47
:107470002800b48f2400b38f2000b28f1c00b18f7e
:0c7480001800b08f0800e0033000bd27aa
:020000040000fa
:020000041d00dd
:10748c00d0ffbd272c00bfaf2800b3af2400b2af94
:10749c002000b1af1600e0141c00b0af840105242d
:1074ac00019d043c4427400ff49f8424b001052423
:1074bc00019d043c4427400ff49f842426000010b7
:1074cc0025800000f9ff4016480002241000a2afee
:1074dc001000a38f13006214960105241000a28fd4
:1074ec0001000224460002a21500001025880002ab
:1074fc00259880002590a0002588c000ebff801007
:10750c002580e000efff201200000000e7ff401292
:10751c00480002241000a2af1000a38f16006210c6
:10752c0096010524019d043c4427400ff49f8424bc
:10753c001000a28f01000224460002a20a88120247
:10754c00000011ae3c0013ae400012ae0100052449
:10755c005a1c400f25200002251000022c00bf8f62
:10756c002800b38f2400b28f2000b18f1c00b08f85
:10757c000800e0033000bd271000a28f0100022498
:08758c00efff0010460002a20f
:020000040000fa
:020000041d00dd
:10759400e0ffbd271c00bfaf1800b2af1400b1afad
:1075a4001000b0af408004002180040280811000ec
:1075b40081bf033c801063240a18037e0041040049
:1075c4000180023c34a042248a11487c030040100c
:1075d4000b00633029006010251000002590c000c6
:1075e40081bf113c84102226211002025b00032477
:1075f400000043ac001104000180033c34a0632468
:107604002110430001000324000043a0e71d400fa4
:107614002530e000b010222621100202000052acf6
:10762400c0102226211002023000a38f000043acb8
:10763400f0102226211002023400a38f000043ac74
:10764400681022262110020280000324000043acab
:10765400701031260a88117e10003132070020167e
:107664000100022481bf023c7810422421800202de
:1076740080000224000002ae010002241c00bf8f1f
:107684001800b28f1400b18f1000b08f0800e0030f
:047694002000bd27ee
:020000040000fa
:020000041d00dd
:10769800e0ffbd271c00bfaf1800b2af1400b1afa8
:1076a8001000b0afe223400f258080004500119202
:1076b800208c117c0500201affff02242400028e72
:1076c8001b00401424001226ffff0224450002a2da
:1076d8009d21400f00000000e223400f0000000041
:1076e80044001192208c117c0500201affff02240f
:1076f8001000028e1c00401410001226ffff022406
:10770800440002a29d21400f000000001c00bf8f12
:107718001800b28f1400b18f1000b08f0800e0037a
:107728002000bd272400028ee8ff4010ffff02243e
:107738008416400f2520400203004010ffff312629
:107748004b29400f00000000208c117cf5ff20160b
:10775800ffff0224ddff0010000000001000028e71
:10776800e7ff4010ffff02248416400f2520400247
:1077780003004010ffff31264b29400f0000000096
:10778800208c117cf5ff2016ffff0224dcff00107f
:0477980000000000ed
:020000040000fa
:020000041d00dd
:10779c0042170500060003242100431407000724a8
:1077ac00021f05000c0002241a00621400d8a57cec
:1077bc000020033c2518a3004010040021204400a5
:1077cc008021040081bf023c9010422421108200d1
:1077dc00000043ac421f0600060002241f00621486
:1077ec0007000524021f06000c0002241800621476
:1077fc0000d8c27c0020063c2510460081bf033c0b
:10780c00a010632421208300000082ac0800e00358
:10781c00000000000030033ce7ff00102518a30017
:10782c00e5ff471400e0a37c021f05000e000224b4
:10783c000400621400d8a57c0020033cdeff00107d
:10784c002518a3000030033cdbff00102518a30013
:10785c000030063ce9ff001025104600e7ff6514d8
:10786c0000e0c27c021f06000e00022405006254d8
:10787c0000d8c67c00d8c27c0020063cdfff00107c
:10788c00251046000030023cdcff00102510c20021
:020000040000fa
:020000041d00dd
:10789c00b8ffbd274400bfaf2400a0af2800a0afa5
:1078ac002c00a0af490002242000a2a34400022413
:1078bc002100a2a34c0002242200a2a34500022412
:1078cc002300a2a33400a0af3000a0af3800a6273d
:1078dc003000a5278428400f3400a4273400a28f41
:1078ec001800a2af3000a28f1400a2af1000a0affe
:1078fc00253800003800a6972000a527019d043ce0
:10790c00e51a400fd09d842415004010808082af72
:10791c00c221400f00000000010003241500431495
:10792c00ffff0324006002408032437c0300632c81
:10793c00040060108482027c000c4234006082409f
:10794c00c0000000ffff0224848082af01000224eb
:10795c00988082afa08080af6525400f00000000aa
:10796c000080023cc400428c4400bf8f0800e0033e
:10797c004800bd27faff4314c30e0524019d043ca7
:10798c004427400f4c9e8424f6ff00100080023cdc
:020000040000fa
:020000041d00dd
:10799c00e0ffbd271c00bfaf1800b2af1400b1afa1
:1079ac001000b0af258080002588c0003800928c74
:1079bc004000868c1100c014000000000000828c76
:1079cc000500401425880000471a400f0800848cdd
:1079dc0025884000080000ae01005226380012ae87
:1079ec00251020021c00bf8f1800b28f1400b18f1d
:1079fc001000b08f0800e0032000bd270e002016f9
:107a0c00000000001528400f0400848c0400028e36
:107a1c004000038e21104300040002ae0800038ec8
:107a2c002b104300edff4054010052260000028e43
:107a3c00e9ff0010040002ae1528400f0c00848ce6
:107a4c004000038e231803000c00028e211043000b
:107a5c000c0002ae0000048e2b10440005004010f8
:107a6c00020002240800028e211843000c0003ae11
:107a7c0002000224d8ff221625880000d7ff4052ae
:0c7a8c0001005226d4ff0010ffff52261c
:020000040000fa
:020000041d00dd
:10001000d0ffbd272c00bfaf2800b4af2400b3af82
:100020002000b2af1c00b1af1800b0af2590800027
:100030002588a0002598c00025a0e0004400b08fce
:10004000280002241000a2af1000a38f0400621049
:1000500083010524019d043c4427400f609f8424b4
:100060001000a28f0d00001689010524019d043c9b
:100070004427400f609f8424251000022c00bf8f6e
:100080002800b48f2400b38f2000b28f1c00b18fe2
:100090001800b08f0800e0033000bd2702000224e2
:1000a00005002016240002a2a9010524019d043c9c
:1000b0004427400f609f84242223400f000000004b
:1000c000000012ae180011ae1c0014ae4000a28f4a
:1000d000200002ae5e29400f04000426e7ff6012f4
:1000e000251000022400029204004234e2ff0010b6
:0400f000240002a244
:020000040000fa
:020000041d00dd
:107a9800a8ffbd270400a1af0800a2af0c00a3af48
:107aa8001000a4af1400a5af1800a6af1c00a7af24
:107ab8002000a8af2400a9af2800aaaf2c00abafc4
:107ac8003000acaf3400adaf3800aeaf3c00afaf64
:107ad8004000b8af4400b9af4800bfaf1240000043
:107ae8004c00a8af104000005000a8af019d1a3c00
:107af80060a45a27000000000068044000600540a8
:107b080009f84003000000005000a88f1100000190
:107b18004c00a88f130000010400a18f0800a28f59
:107b28000c00a38f1000a48f1400a58f1800a68f37
:107b38001c00a78f2000a88f2400a98f2800aa8fd7
:107b48002c00ab8f3000ac8f3400ad8f3800ae8f77
:107b58003c00af8f4000b88f4400b98f4800bf8ffa
:0c7b68005800bd27c000000018000042bb
:020000040000fa
:020000041d00dd
:107b7400e0ffbd271c00bfaf1800b2af1400b1afc7
:107b84001000b0af25908000050080142580a0006f
:107b9400da150524019d043c4427400f4c9e84249f
:107ba40004000016db150524019d043c4427400f06
:107bb4004c9e8424e223400f00000000a080848fa8
:107bc4000000028effff03240900431025880000f3
:107bd4000400438e8c80858f0000468e0d00c510f6
:107be4002b2883000b00a01401001124000000ae18
:107bf4009d21400f00000000251020021c00bf8fb3
:107c04001800b28f1400b18f1000b08f0800e00389
:107c14002000bd27232883002b28a2000700a010e2
:107c24002310440021104300000002ae4129400ffc
:107c340025204002eeff001025880000000000ae61
:087c4400ebff00100100112408
:020000040000fa
:020000041d00dd
:107c4c00a8ffbd270400a1af0800a2af0c00a3af92
:107c5c001000a4af1400a5af1800a6af1c00a7af6e
:107c6c002000a8af2400a9af2800aaaf2c00abaf0e
:107c7c003000acaf3400adaf3800aeaf3c00afafae
:107c8c004000b8af4400b9af4800bfaf124000008d
:107c9c004c00a8af104000005000a8af0068044092
:107cac0000600540019d023c90a4422409f840006c
:107cbc00000000005000a88f110000014c00a88f9c
:107ccc00130000010400a18f0800a28f0c00a38fe9
:107cdc001000a48f1400a58f1800a68f1c00a78f6e
:107cec002000a88f2400a98f2800aa8f2c00ab8f0e
:107cfc003000ac8f3400ad8f3800ae8f3c00af8fae
:107d0c004000b88f4400b98f4800bf8f5800bd2782
:087d1c00c00000001800004245
:020000040000fa
:020000041d00dd
:107d2400a8ffbd270400a1af0800a2af0c00a3afb9
:107d34001000a4af1400a5af1800a6af1c00a7af95
:107d44002000a8af2400a9af2800aaaf2c00abaf35
:107d54003000acaf3400adaf3800aeaf3c00afafd5
:107d64004000b8af4400b9af4800bfaf12400000b4
:107d74004c00a8af104000005000a8af00680440b9
:107d840000600540019d023ca8a4422409f840007b
:107d9400000000005000a88f110000014c00a88fc3
:107da400130000010400a18f0800a28f0c00a38f10
:107db4001000a48f1400a58f1800a68f1c00a78f95
:107dc4002000a88f2400a98f2800aa8f2c00ab8f35
:107dd4003000ac8f3400ad8f3800ae8f3c00af8fd5
:107de4004000b88f4400b98f4800bf8f5800bd27aa
:087df400c0000000180000426d
:020000040000fa
:020000041d00dd
:107dfc00e0ffbd271c00bfaf1800b2af1400b1af3d
:107e0c001000b0af86bf023c9008528c86bf023c7b
:107e1c008008428c2490420286bf023c2008428c8f
:107e2c0081bf023c0040033c740043ac01001024b1
:107e3c000180113c04a33126401810002118700059
:107e4c0080180300211871000000648c0400628cff
:107e5c000d0040100f008230010003240418430071
:107e6c0024187200080060104010100021185000f7
:107e7c0080180300211871000800658c0400628cc6
:107e8c0009f8400000000000010010260400022444
:107e9c00e9ff02161c00bf8f1800b28f1400b18fbf
:0c7eac001000b08f0800e0032000bd278c
:020000040000fa
:020000041d00dd
:107eb80000800340c011637c010007242900671477
:107ec80001800240402e437c001080400018804012
:107ed8000028804000308040252000000080043cbd
:107ee8000000834000508440c000000002000042af
:107ef80000408420ffff6320f9ff601400000000a9
:107f0800c0bf043c7806843400308440c0bf053cc0
:107f18007006a524c0bf063cd006c624253800003c
:107f28001000a610ff01093c00e02935002889400f
:107f3800000087400000a88c0400a98c0800aa8cc7
:107f48000010894000188a4000508840c000000096
:107f5800020000420c00a5200100e720f0ff0010fd
:0c7f6800000000000800e0030000000022
:020000040000fa
:020000041d00dd
:107f740080bf023c300040ac99aa033c55666324a0
:107f8400300043ac6655033caa996334300043acdb
:107f940080bf033c0000648c0463047c000064ac78
:107fa40080bf043c01100524400085ac80bf043c24
:107fb40003000524500085ac80bf053cff01043c50
:107fc400ff0184246000a4ac80bf043cfe010524ae
:107fd400700085ac80bf053c1f30043c1e3f8424e8
:107fe4008000a4ac80bf053c8310043c01008424c1
:107ff4009000a4ac80bf043c5000053ca00085acbc
:108004000000648c010005240463a47c000064acbb
:108014003333033c33336324300043ac0800e003c0
:048024000000000058
:020000040000fa
:020000041d00dd
:1080280081bf023c00800334081043ac0180023c4d
:1080380034a04224010004240180033cb4a063243a
:10804800000040a0080040ac0c0040ac040044ac68
:1080580010004224faff43140000000081bf023cd4
:1080680000800334001043ac81bf023c601040ac78
:108078001072032481bf023c701043ac0b00023c19
:1080880081bf043c801082ac81bf043c201180accd
:1080980081bf043c301183ac81bf033c401162ac0a
:1080a80081bf033ce01460ac81bf033c10bd0434c5
:1080b800f01464ac81bf033c001562ac81bf023c84
:1080c800c0100324080143ac0800e00300000000ce
:020000040000fa
:020000041d00dd
:1080d800d0ffbd272c00bfaf2800b4af2400b3af3a
:1080e8002000b2af1c00b1af1800b0af25908000df
:1080f80025a0a0002588c0002598e0000000878cf6
:108108001c008290010042300a004010040006243e
:108118009d1c400f1000a527253840001000a28f95
:108128002b8822020c00201625800000fcff7326f5
:10813800258840002b8033020a887002060020122e
:108148002580200225302002252880029d1c400f12
:1081580025204002000042ae251000022c00bf8fef
:108168002800b48f2400b38f2000b28f1c00b18f79
:0c8178001800b08f0800e0033000bd27a5
:020000040000fa
:020000041d00dd
:10818400d0ffbd272c00bfaf2800b1af2400b0af93
:108194001800a0af82bf023c102a428c010042307a
:1081a4000d00401082bf113c82bf103c302a228e49
:1081b4001c00a2a31800a727010006241c00a52761
:1081c400e01c400f4c80848f102a028e0100423044
:1081d400f6ff4014000000005329400f5480908f94
:1081e4001000a0af1800a727253040000700052481
:1081f400e724400f252000021800a28f060040103b
:108204002c00bf8f006802400001423400688240a5
:10821400c00000002c00bf8f2800b18f2400b08f55
:088224000800e0033000bd2753
:020000040000fa
:020000041d00dd
:10822c00e0ffbd271c00bfaf1800b2af1400b1af08
:10823c001e0080101000b0af259080001900a40023
:10824c0010100000190040142588a0000220857031
:10825c00b8ff822c160040102d020524530e400f3f
:10826c00480084240a00401025804000460040a0ad
:10827c00480042240a101102000002ae3c0012ae6b
:10828c00400011ae010005245a1c400f25200002ad
:10829c00251000021c00bf8f1800b28f1400b18f84
:1082ac001000b08f0800e0032000bd272d0205242c
:1082bc00019d043c4427400ff49f8424f4ff0010dc
:0482cc002580000009
:020000040000fa
:020000041d00dd
:1082d000e0ffbd271c00bfaf1800b2af1400b1af64
:1082e0001000b0af258080000300a22c05004014d0
:1082f0002588a0009d200524019d043c4427400fb3
:108300004c9e84240700001600000000b480908f6b
:1083100004000016a2200524019d043c4427400fc0
:108320004c9e8424e223400f000000002110110223
:108330005c004290ff00423002000324040043141a
:1083400025900000218011025c0000a2010012248f
:108350009d21400f00000000251040021c00bf8f2f
:108360001800b28f1400b18f1000b08f0800e00326
:048370002000bd2705
:020000040000fa
:020000041d00dd
:10837400e0ffbd271c00bfaf1800b2af1400b1afbf
:108384001000b0af258080002590a0000500801467
:108394002588c000f3140524019d043c4427400fa4
:1083a4004c9e84240400028eb480838f1c0062ac33
:1083b400b480838f0800448c200064acb480838f25
:1083c40018006324040083acb480838f18006324f2
:1083d400080043acb480828f280050ac0000028ea9
:1083e40001004224000002ae25282002ffff0424dd
:1083f400331b400f0a2051021c00bf8f1800b28f9c
:108404001400b18f1000b08f0800e0032000bd27d6
:020000040000fa
:020000041d00dd
:10841400d8ffbd272400bfaf2000b2af1c00b1af0e
:108424001800b0af258880002590a0002580c000ea
:108434002518e0000400878c1c0082900100423063
:10844400160040102b1066001000a6af3800a28f53
:108454002b1862001300601404000624141c400f3f
:108464001000a52725384000050000122530000221
:1084740025284002141c400f25202002040022aeaf
:10848400251000022400bf8f2000b28f1c00b18f82
:108494001800b08f0800e0032800bd27f2ff001089
:0c84a4000b806200f6ff00102580000035
:020000040000fa
:020000041d00dd
:1084b000e0ffbd271c00bfaf1800b0af25808000d3
:1084c000ffff05240511400fd080848f0100032495
:1084d0001a0043141c00bf8f0928400f25200002fa
:1084e000252840007b28400f252000020928400f46
:1084f00025200002010003241400a3af1000a3af45
:1085000082bf073c2020e7242530400025280002b8
:10851000651d400f01000424ffff05240511400fd5
:10852000cc80848f253800002530000025280000ed
:108530009f11400fd080848f1c00bf8f1800b08f18
:088540000800e0032000bd2744
:020000040000fa
:020000041d00dd
:10854800e0ffbd271c00bfaf1800b0af258080003a
:10855800ffff05240511400fd080848f01000324fc
:108568001a0043141c00bf8f0928400f2520000261
:10857800252840007b28400f252000020928400fad
:1085880025200002010003241400a3af1000a3afac
:1085980082bf073c2020e724253040002528000220
:1085a800651d400f25200000ffff05240511400f21
:1085b800cc80848f25380000253000002528000055
:1085c8009f11400fd080848f1c00bf8f1800b08f80
:0885d8000800e0032000bd27ac
:020000040000fa
:020000041d00dd
:1085e000e0ffbd271c00bfaf0180023c5ca342241a
:1085f0001400a2af009d023c900142241000a2afe3
:10860000010007240100062464000524019d043ca8
:108610000400400f0498842403004014548082af67
:108620002028400f010004240180023c34a342248e
:108630001400a2af019d023c908e42241000a2af14
:10864000020007242530000010270524019d043c6a
:108650000400400f3098842403004014508082afff
:108660002028400f010004241c00bf8f0800e003f5
:048670002000bd2702
:020000040000fa
:020000041d00dd
:10867400e8ffbd271400bfaf9880828f1f00401011
:108684001400bf8fb480828f4400428c04004014d5
:10869400cd1b0524019d043c4427400f4c9e84249b
:1086a4001080828f04004010d11b0524019d043cde
:1086b4004427400f4c9e8424b480828f4400428c13
:1086c4000e0040101400bf8fb480838f4400628c6e
:1086d400ffff4224440062acb480828f4400428c89
:1086e400060040141400bf8f006002408482027ca4
:1086f40000608240c00000001400bf8f0800e00347
:048704001800bd2775
:020000040000fa
:020000041d00dd
:10870800c8ffbd273400bfaf2223400f0000000080
:10871800c080828f190040102800a6272400a0af2f
:108728002000a0af2000a5278d28400f2400a427f3
:108738002400a28f1800a2af2000a28f1400a2afbd
:10874800060002241000a2af253800002800a697d2
:10875800019d053c80a5a524009d043ce51a400f19
:10876800a441842405004010bc8082af010002248b
:108778003400bf8f0800e0033800bd2746010524f8
:10878800019d043c4427400f609f8424f8ff00109b
:0487980025100000a8
:020000040000fa
:020000041d00dd
:10879c00d8ffbd272400bfafc080838f0d006010b1
:1087ac00251000000c0080102400bf8f1000a5af16
:1087bc001400a6af0600a5280f00a0141800a4af43
:1087cc00d6010524019d043c4427400f609f84245e
:1087dc00251000002400bf8f0800e0032800bd27ef
:1087ec003800a68f1000a5279f11400fc080848fe2
:1087fc00f9ff00102400bf8fae28400f00000000ce
:10880c0002000324f6ff4310253800002530000039
:10881c001000a5279f11400fc080848feeff001021
:04882c002400bf8fd6
:020000040000fa
:020000041d00dd
:10883000d8ffbd272400bfaf2000b1af1c00b0aff0
:10884000258080002588a000ffff05240511400f2a
:10885000d080848f010003241400431425282002b3
:108860007b28400f25200002010002241400a2af43
:108870001000a2af82bf073c2020e7242530200251
:1088800025280002651d400f01000424ffff052478
:108890000511400fcc80848f253800002530000062
:1088a000252800009f11400fd080848f2400bf8fa7
:1088b0002000b18f1c00b08f0800e0032800bd2706
:020000040000fa
:020000041d00dd
:1088c000d0ffbd272c00bfaf2800b1af2400b0af50
:1088d00005008014258080005e020524019d043c73
:1088e0004427400fc09e8424e223400f0000000074
:1088f0001000028e0e004014258800001400028e25
:108900000b004014000000001800a0af1400a0af3e
:108910001c0002921000a2af0c00078e0800068e09
:108920001800058e9a22400f252000020100112414
:108930009d21400f00000000251020022c00bf8f59
:108940002800b18f2400b08f0800e0033000bd275d
:020000040000fa
:020000041d00dd
:10895000e0ffbd271c00bfaf1800b2af1400b1afdd
:108960001000b0af258080002588a000e223400fd2
:108970002590c000440002922014027cffff0324d3
:1089800001004350440000a2450002922014027ce2
:10899000ffff032401004350450000a29d21400f2a
:1089a000000000003800028e040040142530400210
:1089b00025282002dd20400f24000426a61d400f9c
:1089c000252000021c00bf8f1800b28f1400b18f49
:0c89d0001000b08f0800e0032000bd275d
:020000040000fa
:020000041d00dd
:1089dc00e0ffbd271c00bfaf1800b1af1400b0af53
:1089ec003d00400f2588800025804000b880828f94
:1089fc002b10020217004010c880828f0000438c9d
:108a0c0009006010c480838f0c00428cffff05248a
:108a1c000124400f0000448cc880828f0000438cde
:108a2c00f9ff6014c480838fc88083afc48082af89
:108a3c0001000224000022aeb88090af2510000285
:108a4c001c00bf8f1800b18f1400b08f0800e0031a
:0c8a5c002000bd27f8ff0010000020ae35
:020000040000fa
:020000041d00dd
:108a6800d8ffbd272400bfaf2000b3af1c00b2afb2
:108a78001800b1af1400b0af258080002588a00091
:108a88002598c0002590e000550005247128400f66
:108a9800252020020400311244060524019d043ccf
:108aa8004427400fc09e8424200006242528000067
:108ab8007128400f25200002180011ae080013aedf
:108ac8000c0012ae3800a2931c0002a2200000aed7
:108ad8002400bf8f2000b38f1c00b28f1800b18f05
:0c8ae8001400b08f0800e0032800bd2738
:020000040000fa
:020000041d00dd
:108af40082bf023c08000324002043ac82bf023c36
:108b040000940334182043ac82bf023cd8000324f1
:108b1400402043ac81bf023c0100033cf40043ac61
:108b24000200033cf40043ac0400033cf40043acf7
:108b34000180033c9ca26224180040ac1c0040aca1
:108b4400200040ac2c0040a0240040ac9ca260acaf
:108b5400040040ac080040ac140040a00c0040ac41
:108b6400300040ac82bf023c00800334082043ac98
:088b74000800e003000000000e
:020000040000fa
:020000041d00dd
:108b7c0082bf023c08000324002a43ac82bf023ca3
:108b8c0000940334182a43ac82bf023cd80003245f
:108b9c00402a43ac81bf023c0010033c140143ac9f
:108bac000020033c140143ac0040033c140143acd3
:108bbc000180033cd0a26224180040ac1c0040ace5
:108bcc00200040ac2c0040a0240040acd0a260acf3
:108bdc00040040ac080040ac140040a00c0040acb9
:108bec00300040ac82bf023c00800334082a43ac06
:088bfc000800e0030000000086
:020000040000fa
:020000041d00dd
:108c040086bf023c9002458c86bf023c8002468ca3
:108c140086bf023c2002428c81bf023c0001033c1f
:108c2400740043ac0180033c04a3648c04a3632458
:108c34000400628c110040100f00833001000224f4
:108c4400041062002418a600241043000b004010f6
:108c54000180023ce8ffbd271400bfaf04a34224f7
:108c64000800458c0400428c09f840000000000014
:108c74001400bf8f0800e0031800bd270800e003bc
:048c840000000000ec
:020000040000fa
:020000041d00dd
:108c8800d8ffbd272400bfaf2000b1afe223400fbb
:108c98001c00b0afc080828f130040140180113ccb
:108ca800a628400f20a424260180103ca628400fa7
:108cb8000ca4042620a43126c88091af0ca4102649
:108cc800c48090af1000a0af0180073c54a2e724f5
:108cd8000180063c289ec6240c000524231d400f55
:108ce80014000424c08082af9d21400f00000000c2
:108cf8002400bf8f2000b18f1c00b08f0800e00354
:048d08002800bd275b
:020000040000fa
:020000041d00dd
:108d0c00e8ffbd271400bfaf86bf023c000203245e
:108d1c00340143ac00010324340143ac8000032430
:108d2c00340143ac8427400f01000424d08082af6f
:108d3c0003000624252800008b20400f010004248a
:108d4c000225400fcc8082af3528400f0000000078
:108d5c002b28400f000000003f28400f00000000af
:108d6c001127400f000000007821400f0000000088
:108d7c004e25400f000000001400bf8f0800e003d8
:048d8c001800bd27e7
:020000040000fa
:020000041d00dd
:108d9000e8ffbd271400bfaf00606241c0000000c3
:108da000dd1f400f000000008ebf023c0000448c1d
:108db000030003240429647c000044ac0000448cbc
:108dc0000410647c000044ac80bf023c0000448c72
:108dd0000429647c000044acfd17400f0000000033
:108de000bd22400f000000000a20400f00000000dc
:108df000df22400f00000000aa25400f0000000005
:108e0000206062411400bf8f0800e0031800bd27f6
:020000040000fa
:020000041d00dd
:108e1000e0ffbd271c00bfaf1800b1af1400b0af1a
:108e2000a880828f150040100180103cbca3102642
:108e3000e223400f000000000c00028e0c00518c59
:108e40005427400f04002426a480828fffff422471
:108e5000a48082afa880828fffff4224a88082afc7
:108e60009d21400f000000005c24400f25202002bf
:108e7000a880828feeff4014000000001c00bf8f0e
:108e80001800b18f1400b08f0800e0032000bd2748
:020000040000fa
:020000041d00dd
:108e9000d8ffbd272400bfaf2000b0af019d043c28
:108ea0005221400f449a84241800a0af5329400f48
:108eb0005080908f1000a0af1800a72725304000e9
:108ec00007000524e724400f252000020500401478
:108ed0001800a28f019d043c6926400f709a8424db
:108ee0001800a28f060040102400bf8f00680240c7
:108ef0000001423400688240c00000002400bf8f9f
:0c8f00002000b08f0800e0032800bd270f
:020000040000fa
:020000041d00dd
:108f0c00e8ffbd27010002241000a2101400bfaf1f
:108f1c000800a0100a000624020002241200a2106d
:108f2c0025288000251000001400bf8f0800e003e6
:108f3c001800bd2725288000019d043cc025400f4a
:108f4c006c9b8424f9ff00101400bf8f0a000624c8
:108f5c0025288000019d043cc025400f24a18424b9
:108f6c00f2ff00101400bf8f019d043cc025400f80
:0c8f7c004ca18424edff00101400bf8ff6
:020000040000fa
:020000041d00dd
:108f8800e8ffbd271400bfaf006002408032437c79
:108f98000300632c040060108482027c000c4234bd
:108fa80000608240c00000009880828f110040104d
:108fb8001400bf8fb480838f4400628c0100422468
:108fc800440062acb480828f4400438c01000224c8
:108fd800080062141400bf8f1080828f05004010b3
:108fe8005f1b0524019d043c4427400f4c9e8424ac
:0c8ff8001400bf8f0800e0031800bd2724
:020000040000fa
:020000041d00dd
:10900400e0ffbd271c00bfaf1800b2af1400b1af22
:109014001000b0af258880002590a000c880828f02
:109024000c00428c0c00508c5427400f0400042682
:1090340024000292040043300d00601025304002e9
:1090440025282002b024400f252000022000028e93
:1090540009f84000252000021c00bf8f1800b28fc1
:109064001400b18f1000b08f0800e0032000bd276a
:0c9074000400027cf5ff0010240002a2a2
:020000040000fa
:020000041d00dd
:109080000800e003000000002518e003009d043cf8
:10909000a02f842416008010000000000000858ca2
:1090a0001300a010040084240000868c0400842493
:1090b00000008b8404008424019d0c3c18a58c25a1
:1090c00080580b0021606c0100008c8d09f8800134
:1090d000000000002520400003008424fcff06243b
:1090e0002420c4000000858cecffa01400000000c8
:0c90f00025f860000800e003000000000c
:020000040000fa
:020000041d00dd
:1090fc0082bf023c102a428c0e00423017004010f6
:10910c0082bf023c102a428c020042300300401005
:10911c0082bf023c02000324142a43ac82bf023cef
:10912c00102a428c010042300700401082bf033ce1
:10913c0082bf043c302a828c102a628c010042309f
:10914c00fcff40140000000081bf023c0010033cf7
:10915c00940043ac0020033c940043ac0800e003b3
:04916c0000000000ff
:020000040000fa
:020000041d00dd
:10011000e8ffbd271400bfaf1000b0af82bf023ca4
:10012000102a428c0e0042300180103cd0a21026d2
:10013000300002ae81bf023c0010033c140143ac0e
:100140000020033c140143ac2c0000a23f24400fcc
:10015000000000002400028e060040101400bf8f33
:100160002800048e2400028e09f8400000000000e0
:100170001400bf8f1000b08f0800e0031800bd27e7
:020000040000fa
:020000041d00dd
:1001900082bf023c102a428c0100423016004010ff
:1001a00000000000d8ffbd272400bfaf2000b1af82
:1001b0001c00b0af82bf113c82bf103c302a228e9f
:1001c0001000a2a3ffff0724010006241000a527aa
:1001d000c613400f4c80848f102a028e01004230db
:1001e000f6ff40142400bf8f2000b18f1c00b08f99
:1001f0000800e0032800bd270800e003000000001d
:020000040000fa
:020000041d00dd
:10917000e8ffbd271400bfaf1000b0af5f008290c2
:1091800009004014258080004115400f3000848c78
:109190004115400f252000021400bf8f1000b08f32
:1091a0000800e0031800bd27010003240500431454
:1091b000020003244115400f00000000f7ff0010db
:1091c0001400bf8ff4ff431069190524019d043c6e
:1091d0004427400f4c9e8424f0ff00101400bf8fe2
:020000040000fa
:020000041d00dd
:1091e000e8ffbd271400bfaf110080101000b0af22
:1091f0003c29400f258080007c80838f0100022461
:1092000004006210a5090524019d043c4427400f79
:109210004c9e842425280000331b400f252000028b
:109220004814400f00000000060040141400bf8fd7
:10923000006802400001423400688240c000000023
:109240001400bf8f1000b08f0800e0031800bd2786
:020000040000fa
:020000041d00dd
:10925000e8ffbd271400bfaf040085ac2b10c5008c
:109260000d004014100084ac2330c7001800878c18
:109270002b30c7000500c010010002240400852423
:10928000d625400fc480848f251000001400bf8fa6
:109290000800e0031800bd272b30c7000300c010f2
:1092a0002b28a700f9ffa010010002240400852448
:1092b000d625400fc880848ff4ff001025100000d1
:020000040000fa
:020000041d00dd
:1092c000e0ffbd271c00bfaf1800b2af1400b1af64
:1092d0001000b0af258080002588a0002590c00038
:1092e0001800058e2538200225304002212825024d
:1092f0009424400f25200002060040141c00bf8f5c
:109300001800b28f1400b18f1000b08f0800e00376
:109310002000bd271800028e218822022000028e24
:1093200009f8400025200002eeff00101800058e0d
:020000040000fa
:020000041d00dd
:1093300084bf023c000040ac84bf023c0000449467
:10934000010003240429647c000044a484bf043c7d
:10935000d3300524200085ac81bf043c5001858cae
:109360008420657c500185ac81bf043c4000858c25
:109370000421057c400085ac81bf043cc000858c85
:109380000421657cc00085ac00004494c47b647cef
:0c939000000044a40800e00300000000fe
:020000040000fa
:020000041d00dd
:10939c00d8ffbd272400bfafc080888f0d000011ff
:1093ac00251000000b0080102518e0001000a5af60
:1093bc001400a6af0600a5280900a0101800a4af41
:1093cc0007020524019d043c4427400f609f842420
:1093dc00251000002400bf8f0800e0032800bd27e3
:1093ec0025380000253060001000a527e616400f38
:0c93fc0025200001f8ff00102400bf8fa6
:020000040000fa
:020000041d00dd
:10940800d8ffbd272400bfaf0180023cf4a142244d
:109418001800a2af0180023c289642241400a2af93
:109428001000a0af2538000000020624019d053c6d
:10943800249ba524009d043ce51a400f084b842476
:1094480006004014488082af019d043c5526400f19
:10945800409b84242028400f010004242400bf8f4f
:089468000800e0032800bd2705
:020000040000fa
:020000041d00dd
:10947000e8ffbd271400bfaf1000b0af0500801497
:1094800025808000fa020524019d043c4427400ffa
:10949000c09e84240000038e0000058e0400028e0e
:1094a0000000048efbff83141400bf8f0800048e9d
:1094b000ffff832421186500231862002b1064002d
:1094c000232064000a188200251060001000b08f6d
:0894d0000800e0031800bd27ad
:020000040000fa
:020000041d00dd
:1094d800f8ffbd270400bfafadde023cefbe42344b
:1094e800f8ff82ac3412023c78564224f4ff82ac76
:1094f80000680240f0ff82ac0025023c03004224d1
:10950800ecff82ace8ff85ace4ff80ac019d023c37
:10951800fc9b4224c8ff82ac8cff86ac50ff80ac19
:1095280050ff82240400bf8f0800e0030800bd2715
:020000040000fa
:020000041d00dd
:10953800d8ffbd272400bfaf1800a0af1400a0af0c
:109548000180023c84a342241000a2af0180073ca2
:10955800b4a0e7242530000001000524a918400f15
:1095680080000424060040144c8082af019d043c16
:109578006926400f78a284242028400f0100042483
:0c9588002400bf8f0800e0032800bd276e
:020000040000fa
:020000041d00dd
:10959400e8ffbd271400bfaf0200022481bf033cd3
:1095a400440062ac81bf033c001c0424440164ac4d
:1095b40081bf033c00040424480164ac81bf033c24
:1095c400c40062ac81bf033cc80062accc24400f31
:1095d40000000000b480828f0000428c580d400fc0
:0c95e400788082afff26400f00000000de
:020000040000fa
:020000041d00dd
:1095f000e0ffbd271c00bfaf1800b1af1400b0af33
:1096000025808000050080142588a000b51405245d
:10961000019d043c4427400f4c9e8424b480858fd8
:109620001800a524d625400f25200002010005249e
:10963000331b400f252020021c00bf8f1800b18f64
:0c9640001400b08f0800e0032000bd27dc
:020000040000fa
:020000041d00dd
:10964c00e0ffbd271800b1af1400b0af009d113c76
:10965c00009d103c1c00bfafe4281026e4283126e6
:10966c002b10300208004014fcff10266629400f16
:10967c00000000001c00bf8f1800b18f1400b08fc9
:10968c000800e0032000bd270000028e09f840000e
:0c969c0000000000f3ff00102b10300253
:020000040000fa
:020000041d00dd
:1096a80081bf023c00100324080043ac04000424da
:1096b80081bf023c280344ac0400033c81bf023c48
:1096c800380343ac81bf023c580343ac0004053c5b
:1096d800580345ac81bf023c780344ac81bf023ccf
:1096e800380444ac00040424380444ac380443acc3
:0896f8000800e003000000007f
:020000040000fa
:020000041d00dd
:10970000e0ffbd271c00bfaf1800b2af1400b1af1f
:109710001000b0af258080002588a0002590c000f3
:109720002528000009f8000225202002010003245a
:10973000030043102528400209f8000225202002da
:109740001c00bf8f1800b28f1400b18f1000b08fb3
:089750000800e0032000bd2722
:020000040000fa
:020000041d00dd
:109758000000a68cffff02240c00c214080082241b
:109768001000828c0400438c0400a3ac080065ac94
:109778000800a2ac040045ac1000a4ac0000828c28
:10978800010042240800e003000082ac0400478c7a
:109798000000e38c2b18c300f3ff60540400438cd3
:0897a800faff00102510e0009b
:020000040000fa
:020000041d00dd
:1097b000010002241100821400000000e0ffbd2718
:1097c0001c00bfaf1000a0af1000a527f519400f77
:1097d000cc80848f1000a28f060040101c00bf8f29
:1097e000006802400001423400688240c00000006e
:1097f0001c00bf8f0800e0032000bd270800e00325
:049800000000000064
:020000040000fa
:020000041d00dd
:1098040049646c652054696d657220666f722066c8
:109814006c757368696e6720554152543620464909
:10982400464f2062756666657200000074696d6556
:109834007220666f722072657175657374696e67e4
:1098440020656e7465722061206d65737361676550
:049854000000000010
:020000040000fa
:020000041d00dd
:10985800e8ffbd271400bfafa227400f1000b0af2c
:109868003712400f2580400005004010000000001e
:10987800006802400001423400688240c0000000d5
:1098880000609040c000000081bf023c100003242b
:10989800440043ac1400bf8f1000b08f0800e003f1
:0498a8001800bd27c0
:020000040000fa
:020000041d00dd
:1098ac004000868c1100c01025108000e8ffbd27f9
:1098bc001400bfaf0c00838c211866000c0083ac25
:1098cc000800848c2b186400030060142520a00071
:1098dc000000438c0c0043ac1528400f0c00458c49
:1098ec001400bf8f0800e0031800bd270800e00338
:0498fc000000000068
:020000040000fa
:020000041d00dd
:109900000000043ce8ffbd27000084240300801011
:109910001400bfaf09f88000000000000000843090
:109920000000a530019d083c9ca1082509f8000114
:10993000000000000000023c000042240300401030
:109940000000000009f8400000000000f9ff0010ce
:049950000000000013
:020000040000fa
:020000041d00dd
:10995400000082800c00401082bf033c82bf063ca2
:1099640082bf053c1020c38c00026330fdff6014ed
:1099740000000000010084242020a2ac00008280aa
:10998400f8ff401482bf033c1020628c0001423077
:10999400fdff4010000000000800e003000000008c
:020000040000fa
:020000041d00dd
:1099a400000082800c00401082bf033c82bf063c52
:1099b40082bf053c102ac38c00026330fdff601493
:1099c4000000000001008424202aa2ac0000828050
:1099d400f8ff401482bf033c102a628c000142301d
:1099e400fdff4010000000000800e003000000003c
:020000040000fa
:020000041d00dd
:1099f400e8ffbd271400bfaf1000b0af050080140e
:109a040025808000bb150524019d043c4427400f9c
:109a14004c9e8424e223400f000000008c80828f3f
:109a2400000002aea080828f9d21400f040002ae90
:109a34001400bf8f1000b08f0800e0031800bd278a
:020000040000fa
:020000041d00dd
:109a4400706c6561736520656e7465722061206d4c
:109a540065737361676520616e64207072657373ea
:109a640020456e7465720d0a0000000063616e6e1d
:109a74006f74207265736574207265717565737493
:0c9a84002074696d65720d0a000000007e
:020000040000fa
:020000041d00dd
:109a9000e8ffbd271400bfaf1000b0af0500801471
:109aa0002580800094040524019d043c4427400f38
:109ab000609f8424e223400f0000000024001092e5
:109ac0009d21400f01001032251000021400bf8fad
:0c9ad0001000b08f0800e0031800bd2754
:020000040000fa
:020000041d00dd
:109adc00e0ffbd271c00bfaf010002240b00821465
:109aec001000a0af1000a527f519400fcc80848f73
:109afc001000a28f060040101c00bf8f00680240af
:109b0c000001423400688240c00000001c00bf8f7e
:089b1c000800e0032000bd2752
:020000040000fa
:020000041d00dd
:109b24007461736b206f66205374617465204d619a
:109b34006368696e6520636f7265000063616e6eb1
:109b44006f74206372656174652074686520746144
:109b5400736b206f66207374617465206d61636834
:089b6400696e65200d0a000086
:020000040000fa
:020000041d00dd
:109b6c00d8ffbd272400bfaf2000b1af1c00b0afa1
:109b7c00258080003d00400f2588a0001000b1af6b
:109b8c00253800002530400001000524e721400f56
:109b9c00252000022400bf8f2000b18f1c00b08f45
:089bac000800e0032800bd27ba
:020000040000fa
:020000041d00dd
:109bb4002e2e2f7372632f74686972645f706172e2
:109bc40074792f72746f732f4672656552544f53b4
:109bd4002f536f757263652f706f727461626c6559
:109be4002f4d504c41422f50494333324d5a2f7020
:089bf4006f72742e6300000c77
:020000040000fa
:020000041d00dd
:109bfc00e8ffbd271400bfaf7880828f04004010af
:109c0c00da000524019d043c4427400fb49b8424b6
:109c1c00006002408032437c0300632c040060101f
:109c2c008482027c000c423400608240c000000040
:089c3c00ffff00100000000012
:020000040000fa
:020000041d00dd
:109c4400e8ffbd271400bfaf82bf023c102a439433
:109c5400010004248431837c102a43a4102a4394f1
:109c6400c439837c102a43a425280000019d043ca8
:109c74001229400f848184241400bf8f0800e0035c
:049c84001800bd27e0
:020000040000fa
:020000041d00dd
:109c88002e2e2f7372632f74686972645f7061720d
:109c980074792f72746f732f4672656552544f53df
:109ca8002f536f757263652f706f727461626c6584
:109cb8002f4d656d4d616e672f686561705f342e3d
:049cc8006300000c29
:020000040000fa
:020000041d00dd
:109ccc0000606041c000000099aa033c80bf023cc8
:109cdc0055666324300040ac300043ac6655033c01
:109cec00aa996334300043ac80bf023c01000324ca
:109cfc00581243ac80bf023c5012428c3527400bab
:049d0c000000000053
:020000040000fa
:020000041d00dd
:109d1000e0ffbd271c00bfafe223400f1000a0af43
:109d20001000a28f05004014000000000000000099
:109d30001000a28ffdff4010000000009d21400f89
:109d4000000000001c00bf8f0800e0032000bd27ba
:020000040000fa
:020000041d00dd
:109d50001000838c0400858c0800828c0800a2ac63
:109d60000400858c040045ac0400628c040044545b
:109d7000100080ac0800828c040062ac100080ac43
:109d80000000628cffff42240800e003000062ac88
:020000040000fa
:020000041d00dd
:109d90000d00801000000000e8ffbd271400bfafd9
:109da000080080ac000080ac0c0080ac25380000be
:109db000253000009f11400f252800001400bf8fa0
:109dc0000800e0031800bd270800e00300000000c1
:020000040000fa
:020000041d00dd
:109dd000e8ffbd271400bfaf1000b0af0180103cfa
:109de0008423400f00000000189f028e0200422cc6
:109df000fbff4014000000000068024000014234f4
:109e000000688240c0000000f5ff00100000000064
:020000040000fa
:020000041d00dd
:109e1000e8ffbd271400bfaf1000b0af25308000b1
:109e2000252800008b20400f0100042425804000dd
:109e30006427400f25204000251000021400bf8f2a
:0c9e40001000b08f0800e0031800bd27e0
:020000040000fa
:020000041d00dd
:109e4c002e2e2f7372632f74686972645f70617247
:109e5c0074792f72746f732f4672656552544f5319
:109e6c002f536f757263652f4672656552544f534d
:0c9e7c005f7461736b732e6300000000c4
:020000040000fa
:020000041d00dd
:109e8800f8ffbd270400bfaf00606241c0000000ba
:109e980000600240251840008482037c010c633472
:109ea80000608340c0000000010042340400bf8ffe
:089eb8000800e0030800bd27cb
:020000040000fa
:020000041d00dd
:109ec0002e2e2f7372632f74686972645f706172d3
:109ed00074792f72746f732f4672656552544f53a5
:109ee0002f536f757263652f73747265616d5f6256
:089ef00075666665722e6300c1
:020000040000fa
:020000041d00dd
:109ef800e8ffbd271400bfaf1000b0afe223400f4a
:109f0800258080003800108e9d21400f0000000041
:109f18000100022e1400bf8f1000b08f0800e0036c
:049f28001800bd2739
:020000040000fa
:020000041d00dd
:109f2c00b080828f0000428c04004014ffff02249a
:109f3c00848082af0800e00300000000b080828fb4
:109f4c000c00428c0000428c848082af0800e0033d
:049f5c000000000001
:020000040000fa
:020000041d00dd
:109f60002e2e2f7372632f74686972645f70617232
:109f700074792f72746f732f4672656552544f5304
:109f80002f536f757263652f74696d6572732e63dd
:049f900000000000cd
:020000040000fa
:020000041d00dd
:109f9400f8ffbd270400bfaf006002408032437c5d
:109fa4000300632c040060108482027c000c4234a1
:109fb40000608240c0000000ffff001000000000ad
:020000040000fa
:020000041d00dd
:109fc400f8ffbd270400bfaf006002408032437c2d
:109fd4000300632c040060108482027c000c423471
:109fe40000608240c0000000ffff0010000000007d
:020000040000fa
:020000041d00dd
:109ff4002e2e2f7372632f74686972645f7061729e
:10a0040074792f72746f732f4672656552544f536f
:10a014002f536f757263652f71756575652e6300b7
:020000040000fa
:020000041d00dd
:10a02400000082800800401000000000251080001d
:10a034000100422400004380feff605401004224da
:10a044000800e003231044000800e003251000008a
:020000040000fa
:020000041d00dd
:10a054000800c010251080002130860025188000db
:10a064000100a524ffffa79001006324fcff6614f0
:0ca07400ffff67a00800e00300000000f0
:020000040000fa
:020000041d00dd
:10a08000e8ffbd271800a4af1400bfaf6629400f3a
:10a09000000000009325400f000000006629400fdb
:0ca0a000000000004f29400f1800a48fa2
:020000040000fa
:020000041d00dd
:10a0ac00e8ffbd271400bfaf25300000019d053c23
:10a0bc00b097a5249628400f010004241400bf8fec
:08a0cc000800e0031800bd27a5
:020000040000fa
:020000041d00dd
:10a0d400e8ffbd271400bfaf25300000019d053cfb
:10a0e400dc9aa5249628400f252000001400bf8f79
:08a0f4000800e0031800bd277d
:020000040000fa
:020000041d00dd
:10a0fc00e8ffbd271400bfaf25300000019d053cd3
:10a10c0070a5a5249628400f060004241400bf8fc8
:08a11c000800e0031800bd2754
:020000040000fa
:020000041d00dd
:10a12400e0ffbd271c00bfaf1000a5af253800001d
:10a1340025300000e721400f030005241c00bf8fd9
:08a144000800e0032000bd2724
:020000040000fa
:020000041d00dd
:10a14c00e0ffbd271c00bfaf1000a5af25380000f5
:10a15c0025300000e721400f030005241c00bf8fb1
:08a16c000800e0032000bd27fc
:020000040000fa
:020000041d00dd
:10a174000800858c0400838c2118a3000000828cc5
:10a18400231862002b106500232865000a18a2001a
:08a194000800e0032510600043
:020000040000fa
:020000041d00dd
:10a19c00e8ffbd271400bfaf6423400f252000004b
:10a1ac004323400f00000000271e400f000000005a
:08a1bc00ffff0010000000008d
:020000040000fa
:020000041d00dd
:10a1c4000700c01025108000202c057c213086005b
:10a1d4002518800001006324feff6614ffff65a0bc
:08a1e4000800e0030000000088
:020000040000fa
:020000041d00dd
:10a1ec00e8ffbd271400bfaf009d023c142a422497
:10a1fc0009f84000000000001400bf8f0800e003c5
:04a20c001800bd2752
:020000040000fa
:020000041d00dd
:10a210000180023c94a14224000082ac0180023cf7
:10a22000288e42240000a2ac000202240800e003b1
:04a230000000c2a4c4
:020000040000fa
:020000041d00dd
:10a234000180023c34a14224000082ac0080023c34
:10a24400286e42240000a2ac000402240800e003ab
:04a254000000c2ac98
:020000040000fa
:020000041d00dd
:10a25800002104000180023c34a042242120820015
:10a26800080085ac0c0086ac0800e0030000000084
:020000040000fa
:020000041d00dd
:10a2780063616e6e6f7420637265617465207374b8
:10a288007265616d20627566666572200d0a000050
:020000040000fa
:020000041d00dd
:10a2980008008224040082acffff0324080083ac7a
:10a2a8000c0082ac100082ac0800e003000080ac17
:020000040000fa
:020000041d00dd
:10a2b8009880838f04006010010002247c80828fc4
:10a2c8000100422c401002000800e00300000000da
:020000040000fa
:020000041d00dd
:10a2d800b480828f04004010000000004c00438cc2
:10a2e800010063244c0043ac0800e00300000000b8
:020000040000fa
:020000041d00dd
:10a2f80000008c90ffffc624010084240000aca05d
:10a30800fbffc0140100a5240800e003251080000d
:020000040000fa
:020000041d00dd
:10a31800e8ffbd271400bfaf0123400f0000000075
:0ca328001400bf8f0800e0031800bd27e0
:020000040000fa
:020000041d00dd
:10a33400e8ffbd271400bfaf7f1f400f00000000df
:0ca344001400bf8f0800e0031800bd27c4
:020000040000fa
:020000041d00dd
:10a35000e8ffbd271400bfafa319400f00000000a5
:0ca360001400bf8f0800e0031800bd27a8
:020000040000fa
:020000041d00dd
:10a36c00e8ffbd271400bfaffd18400f0000000030
:0ca37c001400bf8f0800e0031800bd278c
:020000040000fa
:020000041d00dd
:10a38800e8ffbd271400bfaf5019400f00000000c0
:0ca398001400bf8f0800e0031800bd2770
:020000040000fa
:020000041d00dd
:10a3a400e8ffbd271400bfaf4400400f00000000c9
:0ca3b4001400bf8f0800e0031800bd2754
:020000040000fa
:020000041d00dd
:10a3c000e8ffbd271400bfaf801b400f0000000056
:0ca3d0001400bf8f0800e0031800bd2738
:020000040000fa
:020000041d00dd
:10a3dc00e8ffbd271400bfafca1b400f00000000f0
:0ca3ec001400bf8f0800e0031800bd271c
:020000040000fa
:020000041d00dd
:10a3f8004c61623139202d2053747265616d2042a1
:0ca40800756666657220200d0a00000ccd
:020000040000fa
:020000041d00dd
:10a41400f8ffbd270400bfaf00608440c000000007
:0ca424000400bf8f0800e0030800bd2703
:020000040000fa
:020000041d00dd
:10a430000000200201020006000000000b080000de
:08a44000010000000000000013
:020000040000fa
:020000041d00dd
:10a448000180023cd0a24224240044ac280045ac40
:08a458000800e0030000000011
:020000040000fa
:020000041d00dd
:10a46000f8ffbd270400bfaf006802400070024043
:08a47000ffff001000000000d6
:020000040000fa
:020000041d00dd
:10a47800f8ffbd270400bfaf00680240007002402b
:08a48800ffff001000000000be
:020000040000fa
:020000041d00dd
:10a49000f8ffbd270400bfaf006802400070024013
:08a4a000ffff001000000000a6
:020000040000fa
:020000041d00dd
:10a4a800f8ffbd270400bfaf0068024000700240fb
:08a4b800ffff0010000000008e
:020000040000fa
:020000041d00dd
:10a4c00000601a40bfff1b3cffff7b3724d05b03bb
:10a4d00000609a4018000042ffffc6240000a0a0c0
:10a4e000fdffc0140100a5240800e0032510800032
:020000040000fa
:020000041d00dd
:10a4f0007c80828f010042247c8082af0800e003d0
:04a500000000000057
:020000040000fa
:020000041d00dd
:10a504008c80828f000082aca080828f0800e003e0
:04a51400040082ac11
:020000040000fa
:020000041d00dd
:10a51800d8a4009df8a2009d8090009d8090009d89
:04a528008090009d82
:020000040000fa
:020000041d00dd
:10a52c0001000224908082af0800e00300000000cc
:020000040000fa
:020000041d00dd
:10a53c00e8ffbd271400bfaf6829400f00000000e2
:020000040000fa
:020000041d00dd
:0c00f400a080828f0800e00300000000e4
:020000040000fa
:020000041d00dd
:0ca54c00a080828f0800e00300000000e7
:020000040000fa
:020000041d00dd
:0ca55800a480828f0800e00300000000d7
:020000040000fa
:020000041d00dd
:0ca56400b480828f0800e00300000000bb
:020000040000fa
:020000041d00dd
:08a570000800e00300000000f8
:020000040000fa
:020000041d00dd
:08a578000800e003100080acb4
:020000040000fa
:020000041d00dd
:08a58000546d72205376630054
:020000040000fa
:020000041d00dd
:08a588000800e00300000000e0
:020000040000fa
:020000041d00dd
:08a590000800e00300000000d8
:020000040000fa
:020000041d00dd
:08a598000800e00300000000d0
:020000040000fa
:020000041d00dd
:08a5a000ffff001000000000a5
:020000040000fa
:020000041d00dd
:04a5a800088e008099
:00000001FF
